label,fault,condition,source,window,start
0,A,01,电流-A-S1-01.csv,0,0
0,A,01,电流-A-S1-01.csv,1,1568
0,A,01,电流-A-S1-01.csv,2,3136
0,A,01,电流-A-S1-01.csv,3,4704
0,A,01,电流-A-S1-01.csv,4,6272
0,A,01,电流-A-S1-01.csv,5,7840
0,A,01,电流-A-S1-01.csv,6,9408
0,A,01,电流-A-S1-01.csv,7,10976
0,A,01,电流-A-S1-01.csv,8,12544
0,A,01,电流-A-S1-01.csv,9,14112
0,A,01,电流-A-S1-01.csv,10,15680
0,A,01,电流-A-S1-01.csv,11,17248
0,A,01,电流-A-S1-01.csv,12,18816
0,A,01,电流-A-S1-01.csv,13,20384
0,A,01,电流-A-S1-01.csv,14,21952
0,A,01,电流-A-S1-01.csv,15,23520
0,A,01,电流-A-S1-01.csv,16,25088
0,A,01,电流-A-S1-01.csv,17,26656
0,A,01,电流-A-S1-01.csv,18,28224
0,A,01,电流-A-S1-01.csv,19,29792
0,A,01,电流-A-S1-01.csv,20,31360
0,A,01,电流-A-S1-01.csv,21,32928
0,A,01,电流-A-S1-01.csv,22,34496
0,A,01,电流-A-S1-01.csv,23,36064
0,A,01,电流-A-S1-01.csv,24,37632
0,A,01,电流-A-S1-01.csv,25,39200
0,A,01,电流-A-S1-01.csv,26,40768
0,A,01,电流-A-S1-01.csv,27,42336
0,A,01,电流-A-S1-01.csv,28,43904
0,A,01,电流-A-S1-01.csv,29,45472
0,A,01,电流-A-S1-01.csv,30,47040
0,A,01,电流-A-S1-01.csv,31,48608
0,A,01,电流-A-S1-01.csv,32,50176
0,A,01,电流-A-S1-01.csv,33,51744
0,A,01,电流-A-S1-01.csv,34,53312
0,A,01,电流-A-S1-01.csv,35,54880
0,A,01,电流-A-S1-01.csv,36,56448
0,A,01,电流-A-S1-01.csv,37,58016
0,A,01,电流-A-S1-01.csv,38,59584
0,A,01,电流-A-S1-01.csv,39,61152
0,A,01,电流-A-S1-01.csv,40,62720
0,A,01,电流-A-S1-01.csv,41,64288
0,A,01,电流-A-S1-01.csv,42,65856
0,A,01,电流-A-S1-01.csv,43,67424
0,A,01,电流-A-S1-01.csv,44,68992
0,A,01,电流-A-S1-01.csv,45,70560
0,A,01,电流-A-S1-01.csv,46,72128
0,A,01,电流-A-S1-01.csv,47,73696
0,A,01,电流-A-S1-01.csv,48,75264
0,A,01,电流-A-S1-01.csv,49,76832
0,A,01,电流-A-S1-01.csv,50,78400
0,A,01,电流-A-S1-01.csv,51,79968
0,A,01,电流-A-S1-01.csv,52,81536
0,A,01,电流-A-S1-01.csv,53,83104
0,A,01,电流-A-S1-01.csv,54,84672
0,A,01,电流-A-S1-01.csv,55,86240
0,A,01,电流-A-S1-01.csv,56,87808
0,A,01,电流-A-S1-01.csv,57,89376
0,A,01,电流-A-S1-01.csv,58,90944
0,A,01,电流-A-S1-01.csv,59,92512
0,A,01,电流-A-S1-01.csv,60,94080
0,A,01,电流-A-S1-01.csv,61,95648
0,A,01,电流-A-S1-01.csv,62,97216
0,A,01,电流-A-S1-01.csv,63,98784
0,A,01,电流-A-S1-01.csv,64,100352
0,A,01,电流-A-S1-01.csv,65,101920
0,A,01,电流-A-S1-01.csv,66,103488
0,A,01,电流-A-S1-01.csv,67,105056
0,A,01,电流-A-S1-01.csv,68,106624
0,A,01,电流-A-S1-01.csv,69,108192
0,A,01,电流-A-S1-01.csv,70,109760
0,A,01,电流-A-S1-01.csv,71,111328
0,A,01,电流-A-S1-01.csv,72,112896
0,A,01,电流-A-S1-01.csv,73,114464
0,A,01,电流-A-S1-01.csv,74,116032
0,A,01,电流-A-S1-01.csv,75,117600
0,A,01,电流-A-S1-01.csv,76,119168
0,A,01,电流-A-S1-01.csv,77,120736
0,A,01,电流-A-S1-01.csv,78,122304
0,A,01,电流-A-S1-01.csv,79,123872
0,A,01,电流-A-S1-01.csv,80,125440
0,A,01,电流-A-S1-01.csv,81,127008
0,A,01,电流-A-S1-01.csv,82,128576
0,A,01,电流-A-S1-01.csv,83,130144
0,A,01,电流-A-S1-01.csv,84,131712
0,A,01,电流-A-S1-01.csv,85,133280
0,A,01,电流-A-S1-01.csv,86,134848
0,A,01,电流-A-S1-01.csv,87,136416
0,A,01,电流-A-S1-01.csv,88,137984
0,A,01,电流-A-S1-01.csv,89,139552
0,A,01,电流-A-S1-01.csv,90,141120
0,A,01,电流-A-S1-01.csv,91,142688
0,A,01,电流-A-S1-01.csv,92,144256
0,A,01,电流-A-S1-01.csv,93,145824
0,A,01,电流-A-S1-01.csv,94,147392
0,A,01,电流-A-S1-01.csv,95,148960
0,A,01,电流-A-S1-01.csv,96,150528
0,A,01,电流-A-S1-01.csv,97,152096
0,A,01,电流-A-S1-01.csv,98,153664
0,A,01,电流-A-S1-01.csv,99,155232
0,A,01,电流-A-S1-01.csv,100,156800
0,A,01,电流-A-S1-01.csv,101,158368
0,A,01,电流-A-S1-01.csv,102,159936
0,A,01,电流-A-S1-01.csv,103,161504
0,A,01,电流-A-S1-01.csv,104,163072
0,A,01,电流-A-S1-01.csv,105,164640
0,A,01,电流-A-S1-01.csv,106,166208
0,A,01,电流-A-S1-01.csv,107,167776
0,A,01,电流-A-S1-01.csv,108,169344
0,A,01,电流-A-S1-01.csv,109,170912
0,A,01,电流-A-S1-01.csv,110,172480
0,A,01,电流-A-S1-01.csv,111,174048
0,A,01,电流-A-S1-01.csv,112,175616
0,A,01,电流-A-S1-01.csv,113,177184
0,A,01,电流-A-S1-01.csv,114,178752
0,A,01,电流-A-S1-01.csv,115,180320
0,A,01,电流-A-S1-01.csv,116,181888
0,A,01,电流-A-S1-01.csv,117,183456
0,A,01,电流-A-S1-01.csv,118,185024
0,A,01,电流-A-S1-01.csv,119,186592
0,A,01,电流-A-S1-01.csv,120,188160
0,A,01,电流-A-S1-01.csv,121,189728
0,A,01,电流-A-S1-01.csv,122,191296
0,A,01,电流-A-S1-01.csv,123,192864
0,A,01,电流-A-S1-01.csv,124,194432
0,A,01,电流-A-S1-01.csv,125,196000
0,A,01,电流-A-S1-01.csv,126,197568
0,A,01,电流-A-S1-01.csv,127,199136
0,A,01,电流-A-S1-01.csv,128,200704
0,A,01,电流-A-S1-01.csv,129,202272
0,A,01,电流-A-S1-01.csv,130,203840
0,A,01,电流-A-S1-01.csv,131,205408
0,A,01,电流-A-S1-01.csv,132,206976
0,A,01,电流-A-S1-01.csv,133,208544
0,A,01,电流-A-S1-01.csv,134,210112
0,A,01,电流-A-S1-01.csv,135,211680
0,A,01,电流-A-S1-01.csv,136,213248
0,A,01,电流-A-S1-01.csv,137,214816
0,A,01,电流-A-S1-01.csv,138,216384
0,A,01,电流-A-S1-01.csv,139,217952
0,A,01,电流-A-S1-01.csv,140,219520
0,A,01,电流-A-S1-01.csv,141,221088
0,A,01,电流-A-S1-01.csv,142,222656
0,A,01,电流-A-S1-01.csv,143,224224
0,A,01,电流-A-S1-01.csv,144,225792
0,A,01,电流-A-S1-01.csv,145,227360
0,A,01,电流-A-S1-01.csv,146,228928
0,A,01,电流-A-S1-01.csv,147,230496
0,A,01,电流-A-S1-01.csv,148,232064
0,A,01,电流-A-S1-01.csv,149,233632
0,A,01,电流-A-S1-01.csv,150,235200
0,A,01,电流-A-S1-01.csv,151,236768
0,A,01,电流-A-S1-01.csv,152,238336
0,A,01,电流-A-S1-01.csv,153,239904
0,A,01,电流-A-S1-01.csv,154,241472
0,A,01,电流-A-S1-01.csv,155,243040
0,A,01,电流-A-S1-01.csv,156,244608
0,A,01,电流-A-S1-01.csv,157,246176
0,A,01,电流-A-S1-01.csv,158,247744
0,A,01,电流-A-S1-01.csv,159,249312
0,A,01,电流-A-S1-01.csv,160,250880
0,A,01,电流-A-S1-01.csv,161,252448
0,A,01,电流-A-S1-01.csv,162,254016
0,A,01,电流-A-S1-01.csv,163,255584
0,A,01,电流-A-S1-01.csv,164,257152
0,A,01,电流-A-S1-01.csv,165,258720
0,A,01,电流-A-S1-01.csv,166,260288
0,A,01,电流-A-S1-01.csv,167,261856
0,A,01,电流-A-S1-01.csv,168,263424
0,A,01,电流-A-S1-01.csv,169,264992
0,A,01,电流-A-S1-01.csv,170,266560
0,A,01,电流-A-S1-01.csv,171,268128
0,A,01,电流-A-S1-01.csv,172,269696
0,A,01,电流-A-S1-01.csv,173,271264
0,A,01,电流-A-S1-01.csv,174,272832
0,A,01,电流-A-S1-01.csv,175,274400
0,A,01,电流-A-S1-01.csv,176,275968
0,A,01,电流-A-S1-01.csv,177,277536
0,A,01,电流-A-S1-01.csv,178,279104
0,A,01,电流-A-S1-01.csv,179,280672
0,A,01,电流-A-S1-01.csv,180,282240
0,A,01,电流-A-S1-01.csv,181,283808
0,A,01,电流-A-S1-01.csv,182,285376
0,A,01,电流-A-S1-01.csv,183,286944
0,A,01,电流-A-S1-01.csv,184,288512
0,A,01,电流-A-S1-01.csv,185,290080
0,A,01,电流-A-S1-01.csv,186,291648
0,A,01,电流-A-S1-01.csv,187,293216
0,A,01,电流-A-S1-01.csv,188,294784
0,A,01,电流-A-S1-01.csv,189,296352
0,A,01,电流-A-S1-01.csv,190,297920
0,A,01,电流-A-S1-01.csv,191,299488
0,A,01,电流-A-S1-01.csv,192,301056
0,A,01,电流-A-S1-01.csv,193,302624
0,A,01,电流-A-S1-01.csv,194,304192
0,A,01,电流-A-S1-01.csv,195,305760
0,A,01,电流-A-S1-01.csv,196,307328
0,A,01,电流-A-S1-01.csv,197,308896
0,A,01,电流-A-S1-01.csv,198,310464
0,A,01,电流-A-S1-01.csv,199,312032
0,A,01,电流-A-S1-01.csv,200,313600
0,A,01,电流-A-S1-01.csv,201,315168
0,A,01,电流-A-S1-01.csv,202,316736
0,A,01,电流-A-S1-01.csv,203,318304
0,A,01,电流-A-S1-01.csv,204,319872
0,A,01,电流-A-S1-01.csv,205,321440
0,A,01,电流-A-S1-01.csv,206,323008
0,A,01,电流-A-S1-01.csv,207,324576
0,A,01,电流-A-S1-01.csv,208,326144
0,A,01,电流-A-S1-01.csv,209,327712
0,A,01,电流-A-S1-01.csv,210,329280
0,A,01,电流-A-S1-01.csv,211,330848
0,A,01,电流-A-S1-01.csv,212,332416
0,A,01,电流-A-S1-01.csv,213,333984
0,A,01,电流-A-S1-01.csv,214,335552
0,A,01,电流-A-S1-01.csv,215,337120
0,A,01,电流-A-S1-01.csv,216,338688
0,A,01,电流-A-S1-01.csv,217,340256
0,A,01,电流-A-S1-01.csv,218,341824
0,A,01,电流-A-S1-01.csv,219,343392
0,A,01,电流-A-S1-01.csv,220,344960
0,A,01,电流-A-S1-01.csv,221,346528
0,A,01,电流-A-S1-01.csv,222,348096
0,A,01,电流-A-S1-01.csv,223,349664
0,A,01,电流-A-S1-01.csv,224,351232
0,A,01,电流-A-S1-01.csv,225,352800
0,A,01,电流-A-S1-01.csv,226,354368
0,A,01,电流-A-S1-01.csv,227,355936
0,A,01,电流-A-S1-01.csv,228,357504
0,A,01,电流-A-S1-01.csv,229,359072
0,A,01,电流-A-S1-01.csv,230,360640
0,A,01,电流-A-S1-01.csv,231,362208
0,A,01,电流-A-S1-01.csv,232,363776
0,A,01,电流-A-S1-01.csv,233,365344
0,A,01,电流-A-S1-01.csv,234,366912
0,A,01,电流-A-S1-01.csv,235,368480
0,A,01,电流-A-S1-01.csv,236,370048
0,A,01,电流-A-S1-01.csv,237,371616
0,A,01,电流-A-S1-01.csv,238,373184
0,A,01,电流-A-S1-01.csv,239,374752
0,A,01,电流-A-S1-01.csv,240,376320
0,A,01,电流-A-S1-01.csv,241,377888
0,A,01,电流-A-S1-01.csv,242,379456
0,A,01,电流-A-S1-01.csv,243,381024
0,A,01,电流-A-S1-01.csv,244,382592
0,A,01,电流-A-S1-01.csv,245,384160
0,A,01,电流-A-S1-01.csv,246,385728
0,A,01,电流-A-S1-01.csv,247,387296
0,A,01,电流-A-S1-01.csv,248,388864
0,A,01,电流-A-S1-01.csv,249,390432
0,A,01,电流-A-S1-01.csv,250,392000
0,A,01,电流-A-S1-01.csv,251,393568
0,A,01,电流-A-S1-01.csv,252,395136
0,A,01,电流-A-S1-01.csv,253,396704
0,A,01,电流-A-S1-01.csv,254,398272
0,A,01,电流-A-S1-01.csv,255,399840
0,A,01,电流-A-S1-01.csv,256,401408
0,A,01,电流-A-S1-01.csv,257,402976
0,A,01,电流-A-S1-01.csv,258,404544
0,A,01,电流-A-S1-01.csv,259,406112
0,A,01,电流-A-S1-01.csv,260,407680
0,A,01,电流-A-S1-01.csv,261,409248
0,A,01,电流-A-S1-01.csv,262,410816
0,A,01,电流-A-S1-01.csv,263,412384
0,A,01,电流-A-S1-01.csv,264,413952
0,A,01,电流-A-S1-01.csv,265,415520
0,A,01,电流-A-S1-01.csv,266,417088
0,A,01,电流-A-S1-01.csv,267,418656
0,A,01,电流-A-S1-01.csv,268,420224
0,A,01,电流-A-S1-01.csv,269,421792
0,A,01,电流-A-S1-01.csv,270,423360
0,A,01,电流-A-S1-01.csv,271,424928
0,A,01,电流-A-S1-01.csv,272,426496
0,A,01,电流-A-S1-01.csv,273,428064
0,A,01,电流-A-S1-01.csv,274,429632
0,A,01,电流-A-S1-01.csv,275,431200
0,A,01,电流-A-S1-01.csv,276,432768
0,A,01,电流-A-S1-01.csv,277,434336
0,A,01,电流-A-S1-01.csv,278,435904
0,A,01,电流-A-S1-01.csv,279,437472
0,A,01,电流-A-S1-01.csv,280,439040
0,A,01,电流-A-S1-01.csv,281,440608
0,A,01,电流-A-S1-01.csv,282,442176
0,A,01,电流-A-S1-01.csv,283,443744
0,A,01,电流-A-S1-01.csv,284,445312
0,A,01,电流-A-S1-01.csv,285,446880
0,A,01,电流-A-S1-01.csv,286,448448
0,A,01,电流-A-S1-01.csv,287,450016
0,A,01,电流-A-S1-01.csv,288,451584
0,A,01,电流-A-S1-01.csv,289,453152
0,A,01,电流-A-S1-01.csv,290,454720
0,A,01,电流-A-S1-01.csv,291,456288
0,A,01,电流-A-S1-01.csv,292,457856
0,A,01,电流-A-S1-01.csv,293,459424
0,A,01,电流-A-S1-01.csv,294,460992
0,A,01,电流-A-S1-01.csv,295,462560
0,A,01,电流-A-S1-01.csv,296,464128
0,A,01,电流-A-S1-01.csv,297,465696
0,A,01,电流-A-S1-01.csv,298,467264
0,A,01,电流-A-S1-01.csv,299,468832
0,A,01,电流-A-S1-01.csv,300,470400
0,A,01,电流-A-S1-01.csv,301,471968
0,A,01,电流-A-S1-01.csv,302,473536
0,A,01,电流-A-S1-01.csv,303,475104
0,A,01,电流-A-S1-01.csv,304,476672
0,A,01,电流-A-S1-01.csv,305,478240
0,A,01,电流-A-S1-01.csv,306,479808
0,A,01,电流-A-S1-01.csv,307,481376
0,A,01,电流-A-S1-01.csv,308,482944
0,A,01,电流-A-S1-01.csv,309,484512
0,A,01,电流-A-S1-01.csv,310,486080
0,A,01,电流-A-S1-01.csv,311,487648
0,A,03,电流-A-S1-03.csv,0,0
0,A,03,电流-A-S1-03.csv,1,1568
0,A,03,电流-A-S1-03.csv,2,3136
0,A,03,电流-A-S1-03.csv,3,4704
0,A,03,电流-A-S1-03.csv,4,6272
0,A,03,电流-A-S1-03.csv,5,7840
0,A,03,电流-A-S1-03.csv,6,9408
0,A,03,电流-A-S1-03.csv,7,10976
0,A,03,电流-A-S1-03.csv,8,12544
0,A,03,电流-A-S1-03.csv,9,14112
0,A,03,电流-A-S1-03.csv,10,15680
0,A,03,电流-A-S1-03.csv,11,17248
0,A,03,电流-A-S1-03.csv,12,18816
0,A,03,电流-A-S1-03.csv,13,20384
0,A,03,电流-A-S1-03.csv,14,21952
0,A,03,电流-A-S1-03.csv,15,23520
0,A,03,电流-A-S1-03.csv,16,25088
0,A,03,电流-A-S1-03.csv,17,26656
0,A,03,电流-A-S1-03.csv,18,28224
0,A,03,电流-A-S1-03.csv,19,29792
0,A,03,电流-A-S1-03.csv,20,31360
0,A,03,电流-A-S1-03.csv,21,32928
0,A,03,电流-A-S1-03.csv,22,34496
0,A,03,电流-A-S1-03.csv,23,36064
0,A,03,电流-A-S1-03.csv,24,37632
0,A,03,电流-A-S1-03.csv,25,39200
0,A,03,电流-A-S1-03.csv,26,40768
0,A,03,电流-A-S1-03.csv,27,42336
0,A,03,电流-A-S1-03.csv,28,43904
0,A,03,电流-A-S1-03.csv,29,45472
0,A,03,电流-A-S1-03.csv,30,47040
0,A,03,电流-A-S1-03.csv,31,48608
0,A,03,电流-A-S1-03.csv,32,50176
0,A,03,电流-A-S1-03.csv,33,51744
0,A,03,电流-A-S1-03.csv,34,53312
0,A,03,电流-A-S1-03.csv,35,54880
0,A,03,电流-A-S1-03.csv,36,56448
0,A,03,电流-A-S1-03.csv,37,58016
0,A,03,电流-A-S1-03.csv,38,59584
0,A,03,电流-A-S1-03.csv,39,61152
0,A,03,电流-A-S1-03.csv,40,62720
0,A,03,电流-A-S1-03.csv,41,64288
0,A,03,电流-A-S1-03.csv,42,65856
0,A,03,电流-A-S1-03.csv,43,67424
0,A,03,电流-A-S1-03.csv,44,68992
0,A,03,电流-A-S1-03.csv,45,70560
0,A,03,电流-A-S1-03.csv,46,72128
0,A,03,电流-A-S1-03.csv,47,73696
0,A,03,电流-A-S1-03.csv,48,75264
0,A,03,电流-A-S1-03.csv,49,76832
0,A,03,电流-A-S1-03.csv,50,78400
0,A,03,电流-A-S1-03.csv,51,79968
0,A,03,电流-A-S1-03.csv,52,81536
0,A,03,电流-A-S1-03.csv,53,83104
0,A,03,电流-A-S1-03.csv,54,84672
0,A,03,电流-A-S1-03.csv,55,86240
0,A,03,电流-A-S1-03.csv,56,87808
0,A,03,电流-A-S1-03.csv,57,89376
0,A,03,电流-A-S1-03.csv,58,90944
0,A,03,电流-A-S1-03.csv,59,92512
0,A,03,电流-A-S1-03.csv,60,94080
0,A,03,电流-A-S1-03.csv,61,95648
0,A,03,电流-A-S1-03.csv,62,97216
0,A,03,电流-A-S1-03.csv,63,98784
0,A,03,电流-A-S1-03.csv,64,100352
0,A,03,电流-A-S1-03.csv,65,101920
0,A,03,电流-A-S1-03.csv,66,103488
0,A,03,电流-A-S1-03.csv,67,105056
0,A,03,电流-A-S1-03.csv,68,106624
0,A,03,电流-A-S1-03.csv,69,108192
0,A,03,电流-A-S1-03.csv,70,109760
0,A,03,电流-A-S1-03.csv,71,111328
0,A,03,电流-A-S1-03.csv,72,112896
0,A,03,电流-A-S1-03.csv,73,114464
0,A,03,电流-A-S1-03.csv,74,116032
0,A,03,电流-A-S1-03.csv,75,117600
0,A,03,电流-A-S1-03.csv,76,119168
0,A,03,电流-A-S1-03.csv,77,120736
0,A,03,电流-A-S1-03.csv,78,122304
0,A,03,电流-A-S1-03.csv,79,123872
0,A,03,电流-A-S1-03.csv,80,125440
0,A,03,电流-A-S1-03.csv,81,127008
0,A,03,电流-A-S1-03.csv,82,128576
0,A,03,电流-A-S1-03.csv,83,130144
0,A,03,电流-A-S1-03.csv,84,131712
0,A,03,电流-A-S1-03.csv,85,133280
0,A,03,电流-A-S1-03.csv,86,134848
0,A,03,电流-A-S1-03.csv,87,136416
0,A,03,电流-A-S1-03.csv,88,137984
0,A,03,电流-A-S1-03.csv,89,139552
0,A,03,电流-A-S1-03.csv,90,141120
0,A,03,电流-A-S1-03.csv,91,142688
0,A,03,电流-A-S1-03.csv,92,144256
0,A,03,电流-A-S1-03.csv,93,145824
0,A,03,电流-A-S1-03.csv,94,147392
0,A,03,电流-A-S1-03.csv,95,148960
0,A,03,电流-A-S1-03.csv,96,150528
0,A,03,电流-A-S1-03.csv,97,152096
0,A,03,电流-A-S1-03.csv,98,153664
0,A,03,电流-A-S1-03.csv,99,155232
0,A,03,电流-A-S1-03.csv,100,156800
0,A,03,电流-A-S1-03.csv,101,158368
0,A,03,电流-A-S1-03.csv,102,159936
0,A,03,电流-A-S1-03.csv,103,161504
0,A,03,电流-A-S1-03.csv,104,163072
0,A,03,电流-A-S1-03.csv,105,164640
0,A,03,电流-A-S1-03.csv,106,166208
0,A,03,电流-A-S1-03.csv,107,167776
0,A,03,电流-A-S1-03.csv,108,169344
0,A,03,电流-A-S1-03.csv,109,170912
0,A,03,电流-A-S1-03.csv,110,172480
0,A,03,电流-A-S1-03.csv,111,174048
0,A,03,电流-A-S1-03.csv,112,175616
0,A,03,电流-A-S1-03.csv,113,177184
0,A,03,电流-A-S1-03.csv,114,178752
0,A,03,电流-A-S1-03.csv,115,180320
0,A,03,电流-A-S1-03.csv,116,181888
0,A,03,电流-A-S1-03.csv,117,183456
0,A,03,电流-A-S1-03.csv,118,185024
0,A,03,电流-A-S1-03.csv,119,186592
0,A,03,电流-A-S1-03.csv,120,188160
0,A,03,电流-A-S1-03.csv,121,189728
0,A,03,电流-A-S1-03.csv,122,191296
0,A,03,电流-A-S1-03.csv,123,192864
0,A,03,电流-A-S1-03.csv,124,194432
0,A,03,电流-A-S1-03.csv,125,196000
0,A,03,电流-A-S1-03.csv,126,197568
0,A,03,电流-A-S1-03.csv,127,199136
0,A,03,电流-A-S1-03.csv,128,200704
0,A,03,电流-A-S1-03.csv,129,202272
0,A,03,电流-A-S1-03.csv,130,203840
0,A,03,电流-A-S1-03.csv,131,205408
0,A,03,电流-A-S1-03.csv,132,206976
0,A,03,电流-A-S1-03.csv,133,208544
0,A,03,电流-A-S1-03.csv,134,210112
0,A,03,电流-A-S1-03.csv,135,211680
0,A,03,电流-A-S1-03.csv,136,213248
0,A,03,电流-A-S1-03.csv,137,214816
0,A,03,电流-A-S1-03.csv,138,216384
0,A,03,电流-A-S1-03.csv,139,217952
0,A,03,电流-A-S1-03.csv,140,219520
0,A,03,电流-A-S1-03.csv,141,221088
0,A,03,电流-A-S1-03.csv,142,222656
0,A,03,电流-A-S1-03.csv,143,224224
0,A,03,电流-A-S1-03.csv,144,225792
0,A,03,电流-A-S1-03.csv,145,227360
0,A,03,电流-A-S1-03.csv,146,228928
0,A,03,电流-A-S1-03.csv,147,230496
0,A,03,电流-A-S1-03.csv,148,232064
0,A,03,电流-A-S1-03.csv,149,233632
0,A,03,电流-A-S1-03.csv,150,235200
0,A,03,电流-A-S1-03.csv,151,236768
0,A,03,电流-A-S1-03.csv,152,238336
0,A,03,电流-A-S1-03.csv,153,239904
0,A,03,电流-A-S1-03.csv,154,241472
0,A,03,电流-A-S1-03.csv,155,243040
0,A,03,电流-A-S1-03.csv,156,244608
0,A,03,电流-A-S1-03.csv,157,246176
0,A,03,电流-A-S1-03.csv,158,247744
0,A,03,电流-A-S1-03.csv,159,249312
0,A,03,电流-A-S1-03.csv,160,250880
0,A,03,电流-A-S1-03.csv,161,252448
0,A,03,电流-A-S1-03.csv,162,254016
0,A,03,电流-A-S1-03.csv,163,255584
0,A,03,电流-A-S1-03.csv,164,257152
0,A,03,电流-A-S1-03.csv,165,258720
0,A,03,电流-A-S1-03.csv,166,260288
0,A,03,电流-A-S1-03.csv,167,261856
0,A,03,电流-A-S1-03.csv,168,263424
0,A,03,电流-A-S1-03.csv,169,264992
0,A,03,电流-A-S1-03.csv,170,266560
0,A,03,电流-A-S1-03.csv,171,268128
0,A,03,电流-A-S1-03.csv,172,269696
0,A,03,电流-A-S1-03.csv,173,271264
0,A,03,电流-A-S1-03.csv,174,272832
0,A,03,电流-A-S1-03.csv,175,274400
0,A,03,电流-A-S1-03.csv,176,275968
0,A,03,电流-A-S1-03.csv,177,277536
0,A,03,电流-A-S1-03.csv,178,279104
0,A,03,电流-A-S1-03.csv,179,280672
0,A,03,电流-A-S1-03.csv,180,282240
0,A,03,电流-A-S1-03.csv,181,283808
0,A,03,电流-A-S1-03.csv,182,285376
0,A,03,电流-A-S1-03.csv,183,286944
0,A,03,电流-A-S1-03.csv,184,288512
0,A,03,电流-A-S1-03.csv,185,290080
0,A,03,电流-A-S1-03.csv,186,291648
0,A,03,电流-A-S1-03.csv,187,293216
0,A,03,电流-A-S1-03.csv,188,294784
0,A,03,电流-A-S1-03.csv,189,296352
0,A,03,电流-A-S1-03.csv,190,297920
0,A,03,电流-A-S1-03.csv,191,299488
0,A,03,电流-A-S1-03.csv,192,301056
0,A,03,电流-A-S1-03.csv,193,302624
0,A,03,电流-A-S1-03.csv,194,304192
0,A,03,电流-A-S1-03.csv,195,305760
0,A,03,电流-A-S1-03.csv,196,307328
0,A,03,电流-A-S1-03.csv,197,308896
0,A,03,电流-A-S1-03.csv,198,310464
0,A,03,电流-A-S1-03.csv,199,312032
0,A,03,电流-A-S1-03.csv,200,313600
0,A,03,电流-A-S1-03.csv,201,315168
0,A,03,电流-A-S1-03.csv,202,316736
0,A,03,电流-A-S1-03.csv,203,318304
0,A,03,电流-A-S1-03.csv,204,319872
0,A,03,电流-A-S1-03.csv,205,321440
0,A,03,电流-A-S1-03.csv,206,323008
0,A,03,电流-A-S1-03.csv,207,324576
0,A,03,电流-A-S1-03.csv,208,326144
0,A,03,电流-A-S1-03.csv,209,327712
0,A,03,电流-A-S1-03.csv,210,329280
0,A,03,电流-A-S1-03.csv,211,330848
0,A,03,电流-A-S1-03.csv,212,332416
0,A,03,电流-A-S1-03.csv,213,333984
0,A,03,电流-A-S1-03.csv,214,335552
0,A,03,电流-A-S1-03.csv,215,337120
0,A,03,电流-A-S1-03.csv,216,338688
0,A,03,电流-A-S1-03.csv,217,340256
0,A,03,电流-A-S1-03.csv,218,341824
0,A,03,电流-A-S1-03.csv,219,343392
0,A,03,电流-A-S1-03.csv,220,344960
0,A,03,电流-A-S1-03.csv,221,346528
0,A,03,电流-A-S1-03.csv,222,348096
0,A,03,电流-A-S1-03.csv,223,349664
0,A,03,电流-A-S1-03.csv,224,351232
0,A,03,电流-A-S1-03.csv,225,352800
0,A,03,电流-A-S1-03.csv,226,354368
0,A,03,电流-A-S1-03.csv,227,355936
0,A,03,电流-A-S1-03.csv,228,357504
0,A,03,电流-A-S1-03.csv,229,359072
0,A,03,电流-A-S1-03.csv,230,360640
0,A,03,电流-A-S1-03.csv,231,362208
0,A,03,电流-A-S1-03.csv,232,363776
0,A,03,电流-A-S1-03.csv,233,365344
0,A,03,电流-A-S1-03.csv,234,366912
0,A,03,电流-A-S1-03.csv,235,368480
0,A,03,电流-A-S1-03.csv,236,370048
0,A,03,电流-A-S1-03.csv,237,371616
0,A,03,电流-A-S1-03.csv,238,373184
0,A,03,电流-A-S1-03.csv,239,374752
0,A,03,电流-A-S1-03.csv,240,376320
0,A,03,电流-A-S1-03.csv,241,377888
0,A,03,电流-A-S1-03.csv,242,379456
0,A,03,电流-A-S1-03.csv,243,381024
0,A,03,电流-A-S1-03.csv,244,382592
0,A,03,电流-A-S1-03.csv,245,384160
0,A,03,电流-A-S1-03.csv,246,385728
0,A,03,电流-A-S1-03.csv,247,387296
0,A,03,电流-A-S1-03.csv,248,388864
0,A,03,电流-A-S1-03.csv,249,390432
0,A,03,电流-A-S1-03.csv,250,392000
0,A,03,电流-A-S1-03.csv,251,393568
0,A,03,电流-A-S1-03.csv,252,395136
0,A,03,电流-A-S1-03.csv,253,396704
0,A,03,电流-A-S1-03.csv,254,398272
0,A,03,电流-A-S1-03.csv,255,399840
0,A,03,电流-A-S1-03.csv,256,401408
0,A,03,电流-A-S1-03.csv,257,402976
0,A,03,电流-A-S1-03.csv,258,404544
0,A,03,电流-A-S1-03.csv,259,406112
0,A,03,电流-A-S1-03.csv,260,407680
0,A,03,电流-A-S1-03.csv,261,409248
0,A,03,电流-A-S1-03.csv,262,410816
0,A,03,电流-A-S1-03.csv,263,412384
0,A,03,电流-A-S1-03.csv,264,413952
0,A,03,电流-A-S1-03.csv,265,415520
0,A,03,电流-A-S1-03.csv,266,417088
0,A,03,电流-A-S1-03.csv,267,418656
0,A,03,电流-A-S1-03.csv,268,420224
0,A,03,电流-A-S1-03.csv,269,421792
0,A,03,电流-A-S1-03.csv,270,423360
0,A,03,电流-A-S1-03.csv,271,424928
0,A,03,电流-A-S1-03.csv,272,426496
0,A,03,电流-A-S1-03.csv,273,428064
0,A,03,电流-A-S1-03.csv,274,429632
0,A,03,电流-A-S1-03.csv,275,431200
0,A,03,电流-A-S1-03.csv,276,432768
0,A,03,电流-A-S1-03.csv,277,434336
0,A,03,电流-A-S1-03.csv,278,435904
0,A,03,电流-A-S1-03.csv,279,437472
0,A,03,电流-A-S1-03.csv,280,439040
0,A,03,电流-A-S1-03.csv,281,440608
0,A,03,电流-A-S1-03.csv,282,442176
0,A,03,电流-A-S1-03.csv,283,443744
0,A,03,电流-A-S1-03.csv,284,445312
0,A,03,电流-A-S1-03.csv,285,446880
0,A,03,电流-A-S1-03.csv,286,448448
0,A,03,电流-A-S1-03.csv,287,450016
0,A,03,电流-A-S1-03.csv,288,451584
0,A,03,电流-A-S1-03.csv,289,453152
0,A,03,电流-A-S1-03.csv,290,454720
0,A,03,电流-A-S1-03.csv,291,456288
0,A,03,电流-A-S1-03.csv,292,457856
0,A,03,电流-A-S1-03.csv,293,459424
0,A,03,电流-A-S1-03.csv,294,460992
0,A,03,电流-A-S1-03.csv,295,462560
0,A,03,电流-A-S1-03.csv,296,464128
0,A,03,电流-A-S1-03.csv,297,465696
0,A,03,电流-A-S1-03.csv,298,467264
0,A,03,电流-A-S1-03.csv,299,468832
0,A,03,电流-A-S1-03.csv,300,470400
0,A,03,电流-A-S1-03.csv,301,471968
0,A,03,电流-A-S1-03.csv,302,473536
0,A,03,电流-A-S1-03.csv,303,475104
0,A,03,电流-A-S1-03.csv,304,476672
0,A,03,电流-A-S1-03.csv,305,478240
0,A,03,电流-A-S1-03.csv,306,479808
0,A,03,电流-A-S1-03.csv,307,481376
0,A,03,电流-A-S1-03.csv,308,482944
0,A,03,电流-A-S1-03.csv,309,484512
0,A,03,电流-A-S1-03.csv,310,486080
0,A,03,电流-A-S1-03.csv,311,487648
1,B,01,电流-B-S1-01.csv,0,0
1,B,01,电流-B-S1-01.csv,1,1568
1,B,01,电流-B-S1-01.csv,2,3136
1,B,01,电流-B-S1-01.csv,3,4704
1,B,01,电流-B-S1-01.csv,4,6272
1,B,01,电流-B-S1-01.csv,5,7840
1,B,01,电流-B-S1-01.csv,6,9408
1,B,01,电流-B-S1-01.csv,7,10976
1,B,01,电流-B-S1-01.csv,8,12544
1,B,01,电流-B-S1-01.csv,9,14112
1,B,01,电流-B-S1-01.csv,10,15680
1,B,01,电流-B-S1-01.csv,11,17248
1,B,01,电流-B-S1-01.csv,12,18816
1,B,01,电流-B-S1-01.csv,13,20384
1,B,01,电流-B-S1-01.csv,14,21952
1,B,01,电流-B-S1-01.csv,15,23520
1,B,01,电流-B-S1-01.csv,16,25088
1,B,01,电流-B-S1-01.csv,17,26656
1,B,01,电流-B-S1-01.csv,18,28224
1,B,01,电流-B-S1-01.csv,19,29792
1,B,01,电流-B-S1-01.csv,20,31360
1,B,01,电流-B-S1-01.csv,21,32928
1,B,01,电流-B-S1-01.csv,22,34496
1,B,01,电流-B-S1-01.csv,23,36064
1,B,01,电流-B-S1-01.csv,24,37632
1,B,01,电流-B-S1-01.csv,25,39200
1,B,01,电流-B-S1-01.csv,26,40768
1,B,01,电流-B-S1-01.csv,27,42336
1,B,01,电流-B-S1-01.csv,28,43904
1,B,01,电流-B-S1-01.csv,29,45472
1,B,01,电流-B-S1-01.csv,30,47040
1,B,01,电流-B-S1-01.csv,31,48608
1,B,01,电流-B-S1-01.csv,32,50176
1,B,01,电流-B-S1-01.csv,33,51744
1,B,01,电流-B-S1-01.csv,34,53312
1,B,01,电流-B-S1-01.csv,35,54880
1,B,01,电流-B-S1-01.csv,36,56448
1,B,01,电流-B-S1-01.csv,37,58016
1,B,01,电流-B-S1-01.csv,38,59584
1,B,01,电流-B-S1-01.csv,39,61152
1,B,01,电流-B-S1-01.csv,40,62720
1,B,01,电流-B-S1-01.csv,41,64288
1,B,01,电流-B-S1-01.csv,42,65856
1,B,01,电流-B-S1-01.csv,43,67424
1,B,01,电流-B-S1-01.csv,44,68992
1,B,01,电流-B-S1-01.csv,45,70560
1,B,01,电流-B-S1-01.csv,46,72128
1,B,01,电流-B-S1-01.csv,47,73696
1,B,01,电流-B-S1-01.csv,48,75264
1,B,01,电流-B-S1-01.csv,49,76832
1,B,01,电流-B-S1-01.csv,50,78400
1,B,01,电流-B-S1-01.csv,51,79968
1,B,01,电流-B-S1-01.csv,52,81536
1,B,01,电流-B-S1-01.csv,53,83104
1,B,01,电流-B-S1-01.csv,54,84672
1,B,01,电流-B-S1-01.csv,55,86240
1,B,01,电流-B-S1-01.csv,56,87808
1,B,01,电流-B-S1-01.csv,57,89376
1,B,01,电流-B-S1-01.csv,58,90944
1,B,01,电流-B-S1-01.csv,59,92512
1,B,01,电流-B-S1-01.csv,60,94080
1,B,01,电流-B-S1-01.csv,61,95648
1,B,01,电流-B-S1-01.csv,62,97216
1,B,01,电流-B-S1-01.csv,63,98784
1,B,01,电流-B-S1-01.csv,64,100352
1,B,01,电流-B-S1-01.csv,65,101920
1,B,01,电流-B-S1-01.csv,66,103488
1,B,01,电流-B-S1-01.csv,67,105056
1,B,01,电流-B-S1-01.csv,68,106624
1,B,01,电流-B-S1-01.csv,69,108192
1,B,01,电流-B-S1-01.csv,70,109760
1,B,01,电流-B-S1-01.csv,71,111328
1,B,01,电流-B-S1-01.csv,72,112896
1,B,01,电流-B-S1-01.csv,73,114464
1,B,01,电流-B-S1-01.csv,74,116032
1,B,01,电流-B-S1-01.csv,75,117600
1,B,01,电流-B-S1-01.csv,76,119168
1,B,01,电流-B-S1-01.csv,77,120736
1,B,01,电流-B-S1-01.csv,78,122304
1,B,01,电流-B-S1-01.csv,79,123872
1,B,01,电流-B-S1-01.csv,80,125440
1,B,01,电流-B-S1-01.csv,81,127008
1,B,01,电流-B-S1-01.csv,82,128576
1,B,01,电流-B-S1-01.csv,83,130144
1,B,01,电流-B-S1-01.csv,84,131712
1,B,01,电流-B-S1-01.csv,85,133280
1,B,01,电流-B-S1-01.csv,86,134848
1,B,01,电流-B-S1-01.csv,87,136416
1,B,01,电流-B-S1-01.csv,88,137984
1,B,01,电流-B-S1-01.csv,89,139552
1,B,01,电流-B-S1-01.csv,90,141120
1,B,01,电流-B-S1-01.csv,91,142688
1,B,01,电流-B-S1-01.csv,92,144256
1,B,01,电流-B-S1-01.csv,93,145824
1,B,01,电流-B-S1-01.csv,94,147392
1,B,01,电流-B-S1-01.csv,95,148960
1,B,01,电流-B-S1-01.csv,96,150528
1,B,01,电流-B-S1-01.csv,97,152096
1,B,01,电流-B-S1-01.csv,98,153664
1,B,01,电流-B-S1-01.csv,99,155232
1,B,01,电流-B-S1-01.csv,100,156800
1,B,01,电流-B-S1-01.csv,101,158368
1,B,01,电流-B-S1-01.csv,102,159936
1,B,01,电流-B-S1-01.csv,103,161504
1,B,01,电流-B-S1-01.csv,104,163072
1,B,01,电流-B-S1-01.csv,105,164640
1,B,01,电流-B-S1-01.csv,106,166208
1,B,01,电流-B-S1-01.csv,107,167776
1,B,01,电流-B-S1-01.csv,108,169344
1,B,01,电流-B-S1-01.csv,109,170912
1,B,01,电流-B-S1-01.csv,110,172480
1,B,01,电流-B-S1-01.csv,111,174048
1,B,01,电流-B-S1-01.csv,112,175616
1,B,01,电流-B-S1-01.csv,113,177184
1,B,01,电流-B-S1-01.csv,114,178752
1,B,01,电流-B-S1-01.csv,115,180320
1,B,01,电流-B-S1-01.csv,116,181888
1,B,01,电流-B-S1-01.csv,117,183456
1,B,01,电流-B-S1-01.csv,118,185024
1,B,01,电流-B-S1-01.csv,119,186592
1,B,01,电流-B-S1-01.csv,120,188160
1,B,01,电流-B-S1-01.csv,121,189728
1,B,01,电流-B-S1-01.csv,122,191296
1,B,01,电流-B-S1-01.csv,123,192864
1,B,01,电流-B-S1-01.csv,124,194432
1,B,01,电流-B-S1-01.csv,125,196000
1,B,01,电流-B-S1-01.csv,126,197568
1,B,01,电流-B-S1-01.csv,127,199136
1,B,01,电流-B-S1-01.csv,128,200704
1,B,01,电流-B-S1-01.csv,129,202272
1,B,01,电流-B-S1-01.csv,130,203840
1,B,01,电流-B-S1-01.csv,131,205408
1,B,01,电流-B-S1-01.csv,132,206976
1,B,01,电流-B-S1-01.csv,133,208544
1,B,01,电流-B-S1-01.csv,134,210112
1,B,01,电流-B-S1-01.csv,135,211680
1,B,01,电流-B-S1-01.csv,136,213248
1,B,01,电流-B-S1-01.csv,137,214816
1,B,01,电流-B-S1-01.csv,138,216384
1,B,01,电流-B-S1-01.csv,139,217952
1,B,01,电流-B-S1-01.csv,140,219520
1,B,01,电流-B-S1-01.csv,141,221088
1,B,01,电流-B-S1-01.csv,142,222656
1,B,01,电流-B-S1-01.csv,143,224224
1,B,01,电流-B-S1-01.csv,144,225792
1,B,01,电流-B-S1-01.csv,145,227360
1,B,01,电流-B-S1-01.csv,146,228928
1,B,01,电流-B-S1-01.csv,147,230496
1,B,01,电流-B-S1-01.csv,148,232064
1,B,01,电流-B-S1-01.csv,149,233632
1,B,01,电流-B-S1-01.csv,150,235200
1,B,01,电流-B-S1-01.csv,151,236768
1,B,01,电流-B-S1-01.csv,152,238336
1,B,01,电流-B-S1-01.csv,153,239904
1,B,01,电流-B-S1-01.csv,154,241472
1,B,01,电流-B-S1-01.csv,155,243040
1,B,01,电流-B-S1-01.csv,156,244608
1,B,01,电流-B-S1-01.csv,157,246176
1,B,01,电流-B-S1-01.csv,158,247744
1,B,01,电流-B-S1-01.csv,159,249312
1,B,01,电流-B-S1-01.csv,160,250880
1,B,01,电流-B-S1-01.csv,161,252448
1,B,01,电流-B-S1-01.csv,162,254016
1,B,01,电流-B-S1-01.csv,163,255584
1,B,01,电流-B-S1-01.csv,164,257152
1,B,01,电流-B-S1-01.csv,165,258720
1,B,01,电流-B-S1-01.csv,166,260288
1,B,01,电流-B-S1-01.csv,167,261856
1,B,01,电流-B-S1-01.csv,168,263424
1,B,01,电流-B-S1-01.csv,169,264992
1,B,01,电流-B-S1-01.csv,170,266560
1,B,01,电流-B-S1-01.csv,171,268128
1,B,01,电流-B-S1-01.csv,172,269696
1,B,01,电流-B-S1-01.csv,173,271264
1,B,01,电流-B-S1-01.csv,174,272832
1,B,01,电流-B-S1-01.csv,175,274400
1,B,01,电流-B-S1-01.csv,176,275968
1,B,01,电流-B-S1-01.csv,177,277536
1,B,01,电流-B-S1-01.csv,178,279104
1,B,01,电流-B-S1-01.csv,179,280672
1,B,01,电流-B-S1-01.csv,180,282240
1,B,01,电流-B-S1-01.csv,181,283808
1,B,01,电流-B-S1-01.csv,182,285376
1,B,01,电流-B-S1-01.csv,183,286944
1,B,01,电流-B-S1-01.csv,184,288512
1,B,01,电流-B-S1-01.csv,185,290080
1,B,01,电流-B-S1-01.csv,186,291648
1,B,01,电流-B-S1-01.csv,187,293216
1,B,01,电流-B-S1-01.csv,188,294784
1,B,01,电流-B-S1-01.csv,189,296352
1,B,01,电流-B-S1-01.csv,190,297920
1,B,01,电流-B-S1-01.csv,191,299488
1,B,01,电流-B-S1-01.csv,192,301056
1,B,01,电流-B-S1-01.csv,193,302624
1,B,01,电流-B-S1-01.csv,194,304192
1,B,01,电流-B-S1-01.csv,195,305760
1,B,01,电流-B-S1-01.csv,196,307328
1,B,01,电流-B-S1-01.csv,197,308896
1,B,01,电流-B-S1-01.csv,198,310464
1,B,01,电流-B-S1-01.csv,199,312032
1,B,01,电流-B-S1-01.csv,200,313600
1,B,01,电流-B-S1-01.csv,201,315168
1,B,01,电流-B-S1-01.csv,202,316736
1,B,01,电流-B-S1-01.csv,203,318304
1,B,01,电流-B-S1-01.csv,204,319872
1,B,01,电流-B-S1-01.csv,205,321440
1,B,01,电流-B-S1-01.csv,206,323008
1,B,01,电流-B-S1-01.csv,207,324576
1,B,01,电流-B-S1-01.csv,208,326144
1,B,01,电流-B-S1-01.csv,209,327712
1,B,01,电流-B-S1-01.csv,210,329280
1,B,01,电流-B-S1-01.csv,211,330848
1,B,01,电流-B-S1-01.csv,212,332416
1,B,01,电流-B-S1-01.csv,213,333984
1,B,01,电流-B-S1-01.csv,214,335552
1,B,01,电流-B-S1-01.csv,215,337120
1,B,01,电流-B-S1-01.csv,216,338688
1,B,01,电流-B-S1-01.csv,217,340256
1,B,01,电流-B-S1-01.csv,218,341824
1,B,01,电流-B-S1-01.csv,219,343392
1,B,01,电流-B-S1-01.csv,220,344960
1,B,01,电流-B-S1-01.csv,221,346528
1,B,01,电流-B-S1-01.csv,222,348096
1,B,01,电流-B-S1-01.csv,223,349664
1,B,01,电流-B-S1-01.csv,224,351232
1,B,01,电流-B-S1-01.csv,225,352800
1,B,01,电流-B-S1-01.csv,226,354368
1,B,01,电流-B-S1-01.csv,227,355936
1,B,01,电流-B-S1-01.csv,228,357504
1,B,01,电流-B-S1-01.csv,229,359072
1,B,01,电流-B-S1-01.csv,230,360640
1,B,01,电流-B-S1-01.csv,231,362208
1,B,01,电流-B-S1-01.csv,232,363776
1,B,01,电流-B-S1-01.csv,233,365344
1,B,01,电流-B-S1-01.csv,234,366912
1,B,01,电流-B-S1-01.csv,235,368480
1,B,01,电流-B-S1-01.csv,236,370048
1,B,01,电流-B-S1-01.csv,237,371616
1,B,01,电流-B-S1-01.csv,238,373184
1,B,01,电流-B-S1-01.csv,239,374752
1,B,01,电流-B-S1-01.csv,240,376320
1,B,01,电流-B-S1-01.csv,241,377888
1,B,01,电流-B-S1-01.csv,242,379456
1,B,01,电流-B-S1-01.csv,243,381024
1,B,01,电流-B-S1-01.csv,244,382592
1,B,01,电流-B-S1-01.csv,245,384160
1,B,01,电流-B-S1-01.csv,246,385728
1,B,01,电流-B-S1-01.csv,247,387296
1,B,01,电流-B-S1-01.csv,248,388864
1,B,01,电流-B-S1-01.csv,249,390432
1,B,01,电流-B-S1-01.csv,250,392000
1,B,01,电流-B-S1-01.csv,251,393568
1,B,01,电流-B-S1-01.csv,252,395136
1,B,01,电流-B-S1-01.csv,253,396704
1,B,01,电流-B-S1-01.csv,254,398272
1,B,01,电流-B-S1-01.csv,255,399840
1,B,01,电流-B-S1-01.csv,256,401408
1,B,01,电流-B-S1-01.csv,257,402976
1,B,01,电流-B-S1-01.csv,258,404544
1,B,01,电流-B-S1-01.csv,259,406112
1,B,01,电流-B-S1-01.csv,260,407680
1,B,01,电流-B-S1-01.csv,261,409248
1,B,01,电流-B-S1-01.csv,262,410816
1,B,01,电流-B-S1-01.csv,263,412384
1,B,01,电流-B-S1-01.csv,264,413952
1,B,01,电流-B-S1-01.csv,265,415520
1,B,01,电流-B-S1-01.csv,266,417088
1,B,01,电流-B-S1-01.csv,267,418656
1,B,01,电流-B-S1-01.csv,268,420224
1,B,01,电流-B-S1-01.csv,269,421792
1,B,01,电流-B-S1-01.csv,270,423360
1,B,01,电流-B-S1-01.csv,271,424928
1,B,01,电流-B-S1-01.csv,272,426496
1,B,01,电流-B-S1-01.csv,273,428064
1,B,01,电流-B-S1-01.csv,274,429632
1,B,01,电流-B-S1-01.csv,275,431200
1,B,01,电流-B-S1-01.csv,276,432768
1,B,01,电流-B-S1-01.csv,277,434336
1,B,01,电流-B-S1-01.csv,278,435904
1,B,01,电流-B-S1-01.csv,279,437472
1,B,01,电流-B-S1-01.csv,280,439040
1,B,01,电流-B-S1-01.csv,281,440608
1,B,01,电流-B-S1-01.csv,282,442176
1,B,01,电流-B-S1-01.csv,283,443744
1,B,01,电流-B-S1-01.csv,284,445312
1,B,01,电流-B-S1-01.csv,285,446880
1,B,01,电流-B-S1-01.csv,286,448448
1,B,01,电流-B-S1-01.csv,287,450016
1,B,01,电流-B-S1-01.csv,288,451584
1,B,01,电流-B-S1-01.csv,289,453152
1,B,01,电流-B-S1-01.csv,290,454720
1,B,01,电流-B-S1-01.csv,291,456288
1,B,01,电流-B-S1-01.csv,292,457856
1,B,01,电流-B-S1-01.csv,293,459424
1,B,01,电流-B-S1-01.csv,294,460992
1,B,01,电流-B-S1-01.csv,295,462560
1,B,01,电流-B-S1-01.csv,296,464128
1,B,01,电流-B-S1-01.csv,297,465696
1,B,01,电流-B-S1-01.csv,298,467264
1,B,01,电流-B-S1-01.csv,299,468832
1,B,01,电流-B-S1-01.csv,300,470400
1,B,01,电流-B-S1-01.csv,301,471968
1,B,01,电流-B-S1-01.csv,302,473536
1,B,01,电流-B-S1-01.csv,303,475104
1,B,01,电流-B-S1-01.csv,304,476672
1,B,01,电流-B-S1-01.csv,305,478240
1,B,01,电流-B-S1-01.csv,306,479808
1,B,01,电流-B-S1-01.csv,307,481376
1,B,01,电流-B-S1-01.csv,308,482944
1,B,01,电流-B-S1-01.csv,309,484512
1,B,01,电流-B-S1-01.csv,310,486080
1,B,01,电流-B-S1-01.csv,311,487648
1,B,03,电流-B-S1-03.csv,0,0
1,B,03,电流-B-S1-03.csv,1,1568
1,B,03,电流-B-S1-03.csv,2,3136
1,B,03,电流-B-S1-03.csv,3,4704
1,B,03,电流-B-S1-03.csv,4,6272
1,B,03,电流-B-S1-03.csv,5,7840
1,B,03,电流-B-S1-03.csv,6,9408
1,B,03,电流-B-S1-03.csv,7,10976
1,B,03,电流-B-S1-03.csv,8,12544
1,B,03,电流-B-S1-03.csv,9,14112
1,B,03,电流-B-S1-03.csv,10,15680
1,B,03,电流-B-S1-03.csv,11,17248
1,B,03,电流-B-S1-03.csv,12,18816
1,B,03,电流-B-S1-03.csv,13,20384
1,B,03,电流-B-S1-03.csv,14,21952
1,B,03,电流-B-S1-03.csv,15,23520
1,B,03,电流-B-S1-03.csv,16,25088
1,B,03,电流-B-S1-03.csv,17,26656
1,B,03,电流-B-S1-03.csv,18,28224
1,B,03,电流-B-S1-03.csv,19,29792
1,B,03,电流-B-S1-03.csv,20,31360
1,B,03,电流-B-S1-03.csv,21,32928
1,B,03,电流-B-S1-03.csv,22,34496
1,B,03,电流-B-S1-03.csv,23,36064
1,B,03,电流-B-S1-03.csv,24,37632
1,B,03,电流-B-S1-03.csv,25,39200
1,B,03,电流-B-S1-03.csv,26,40768
1,B,03,电流-B-S1-03.csv,27,42336
1,B,03,电流-B-S1-03.csv,28,43904
1,B,03,电流-B-S1-03.csv,29,45472
1,B,03,电流-B-S1-03.csv,30,47040
1,B,03,电流-B-S1-03.csv,31,48608
1,B,03,电流-B-S1-03.csv,32,50176
1,B,03,电流-B-S1-03.csv,33,51744
1,B,03,电流-B-S1-03.csv,34,53312
1,B,03,电流-B-S1-03.csv,35,54880
1,B,03,电流-B-S1-03.csv,36,56448
1,B,03,电流-B-S1-03.csv,37,58016
1,B,03,电流-B-S1-03.csv,38,59584
1,B,03,电流-B-S1-03.csv,39,61152
1,B,03,电流-B-S1-03.csv,40,62720
1,B,03,电流-B-S1-03.csv,41,64288
1,B,03,电流-B-S1-03.csv,42,65856
1,B,03,电流-B-S1-03.csv,43,67424
1,B,03,电流-B-S1-03.csv,44,68992
1,B,03,电流-B-S1-03.csv,45,70560
1,B,03,电流-B-S1-03.csv,46,72128
1,B,03,电流-B-S1-03.csv,47,73696
1,B,03,电流-B-S1-03.csv,48,75264
1,B,03,电流-B-S1-03.csv,49,76832
1,B,03,电流-B-S1-03.csv,50,78400
1,B,03,电流-B-S1-03.csv,51,79968
1,B,03,电流-B-S1-03.csv,52,81536
1,B,03,电流-B-S1-03.csv,53,83104
1,B,03,电流-B-S1-03.csv,54,84672
1,B,03,电流-B-S1-03.csv,55,86240
1,B,03,电流-B-S1-03.csv,56,87808
1,B,03,电流-B-S1-03.csv,57,89376
1,B,03,电流-B-S1-03.csv,58,90944
1,B,03,电流-B-S1-03.csv,59,92512
1,B,03,电流-B-S1-03.csv,60,94080
1,B,03,电流-B-S1-03.csv,61,95648
1,B,03,电流-B-S1-03.csv,62,97216
1,B,03,电流-B-S1-03.csv,63,98784
1,B,03,电流-B-S1-03.csv,64,100352
1,B,03,电流-B-S1-03.csv,65,101920
1,B,03,电流-B-S1-03.csv,66,103488
1,B,03,电流-B-S1-03.csv,67,105056
1,B,03,电流-B-S1-03.csv,68,106624
1,B,03,电流-B-S1-03.csv,69,108192
1,B,03,电流-B-S1-03.csv,70,109760
1,B,03,电流-B-S1-03.csv,71,111328
1,B,03,电流-B-S1-03.csv,72,112896
1,B,03,电流-B-S1-03.csv,73,114464
1,B,03,电流-B-S1-03.csv,74,116032
1,B,03,电流-B-S1-03.csv,75,117600
1,B,03,电流-B-S1-03.csv,76,119168
1,B,03,电流-B-S1-03.csv,77,120736
1,B,03,电流-B-S1-03.csv,78,122304
1,B,03,电流-B-S1-03.csv,79,123872
1,B,03,电流-B-S1-03.csv,80,125440
1,B,03,电流-B-S1-03.csv,81,127008
1,B,03,电流-B-S1-03.csv,82,128576
1,B,03,电流-B-S1-03.csv,83,130144
1,B,03,电流-B-S1-03.csv,84,131712
1,B,03,电流-B-S1-03.csv,85,133280
1,B,03,电流-B-S1-03.csv,86,134848
1,B,03,电流-B-S1-03.csv,87,136416
1,B,03,电流-B-S1-03.csv,88,137984
1,B,03,电流-B-S1-03.csv,89,139552
1,B,03,电流-B-S1-03.csv,90,141120
1,B,03,电流-B-S1-03.csv,91,142688
1,B,03,电流-B-S1-03.csv,92,144256
1,B,03,电流-B-S1-03.csv,93,145824
1,B,03,电流-B-S1-03.csv,94,147392
1,B,03,电流-B-S1-03.csv,95,148960
1,B,03,电流-B-S1-03.csv,96,150528
1,B,03,电流-B-S1-03.csv,97,152096
1,B,03,电流-B-S1-03.csv,98,153664
1,B,03,电流-B-S1-03.csv,99,155232
1,B,03,电流-B-S1-03.csv,100,156800
1,B,03,电流-B-S1-03.csv,101,158368
1,B,03,电流-B-S1-03.csv,102,159936
1,B,03,电流-B-S1-03.csv,103,161504
1,B,03,电流-B-S1-03.csv,104,163072
1,B,03,电流-B-S1-03.csv,105,164640
1,B,03,电流-B-S1-03.csv,106,166208
1,B,03,电流-B-S1-03.csv,107,167776
1,B,03,电流-B-S1-03.csv,108,169344
1,B,03,电流-B-S1-03.csv,109,170912
1,B,03,电流-B-S1-03.csv,110,172480
1,B,03,电流-B-S1-03.csv,111,174048
1,B,03,电流-B-S1-03.csv,112,175616
1,B,03,电流-B-S1-03.csv,113,177184
1,B,03,电流-B-S1-03.csv,114,178752
1,B,03,电流-B-S1-03.csv,115,180320
1,B,03,电流-B-S1-03.csv,116,181888
1,B,03,电流-B-S1-03.csv,117,183456
1,B,03,电流-B-S1-03.csv,118,185024
1,B,03,电流-B-S1-03.csv,119,186592
1,B,03,电流-B-S1-03.csv,120,188160
1,B,03,电流-B-S1-03.csv,121,189728
1,B,03,电流-B-S1-03.csv,122,191296
1,B,03,电流-B-S1-03.csv,123,192864
1,B,03,电流-B-S1-03.csv,124,194432
1,B,03,电流-B-S1-03.csv,125,196000
1,B,03,电流-B-S1-03.csv,126,197568
1,B,03,电流-B-S1-03.csv,127,199136
1,B,03,电流-B-S1-03.csv,128,200704
1,B,03,电流-B-S1-03.csv,129,202272
1,B,03,电流-B-S1-03.csv,130,203840
1,B,03,电流-B-S1-03.csv,131,205408
1,B,03,电流-B-S1-03.csv,132,206976
1,B,03,电流-B-S1-03.csv,133,208544
1,B,03,电流-B-S1-03.csv,134,210112
1,B,03,电流-B-S1-03.csv,135,211680
1,B,03,电流-B-S1-03.csv,136,213248
1,B,03,电流-B-S1-03.csv,137,214816
1,B,03,电流-B-S1-03.csv,138,216384
1,B,03,电流-B-S1-03.csv,139,217952
1,B,03,电流-B-S1-03.csv,140,219520
1,B,03,电流-B-S1-03.csv,141,221088
1,B,03,电流-B-S1-03.csv,142,222656
1,B,03,电流-B-S1-03.csv,143,224224
1,B,03,电流-B-S1-03.csv,144,225792
1,B,03,电流-B-S1-03.csv,145,227360
1,B,03,电流-B-S1-03.csv,146,228928
1,B,03,电流-B-S1-03.csv,147,230496
1,B,03,电流-B-S1-03.csv,148,232064
1,B,03,电流-B-S1-03.csv,149,233632
1,B,03,电流-B-S1-03.csv,150,235200
1,B,03,电流-B-S1-03.csv,151,236768
1,B,03,电流-B-S1-03.csv,152,238336
1,B,03,电流-B-S1-03.csv,153,239904
1,B,03,电流-B-S1-03.csv,154,241472
1,B,03,电流-B-S1-03.csv,155,243040
1,B,03,电流-B-S1-03.csv,156,244608
1,B,03,电流-B-S1-03.csv,157,246176
1,B,03,电流-B-S1-03.csv,158,247744
1,B,03,电流-B-S1-03.csv,159,249312
1,B,03,电流-B-S1-03.csv,160,250880
1,B,03,电流-B-S1-03.csv,161,252448
1,B,03,电流-B-S1-03.csv,162,254016
1,B,03,电流-B-S1-03.csv,163,255584
1,B,03,电流-B-S1-03.csv,164,257152
1,B,03,电流-B-S1-03.csv,165,258720
1,B,03,电流-B-S1-03.csv,166,260288
1,B,03,电流-B-S1-03.csv,167,261856
1,B,03,电流-B-S1-03.csv,168,263424
1,B,03,电流-B-S1-03.csv,169,264992
1,B,03,电流-B-S1-03.csv,170,266560
1,B,03,电流-B-S1-03.csv,171,268128
1,B,03,电流-B-S1-03.csv,172,269696
1,B,03,电流-B-S1-03.csv,173,271264
1,B,03,电流-B-S1-03.csv,174,272832
1,B,03,电流-B-S1-03.csv,175,274400
1,B,03,电流-B-S1-03.csv,176,275968
1,B,03,电流-B-S1-03.csv,177,277536
1,B,03,电流-B-S1-03.csv,178,279104
1,B,03,电流-B-S1-03.csv,179,280672
1,B,03,电流-B-S1-03.csv,180,282240
1,B,03,电流-B-S1-03.csv,181,283808
1,B,03,电流-B-S1-03.csv,182,285376
1,B,03,电流-B-S1-03.csv,183,286944
1,B,03,电流-B-S1-03.csv,184,288512
1,B,03,电流-B-S1-03.csv,185,290080
1,B,03,电流-B-S1-03.csv,186,291648
1,B,03,电流-B-S1-03.csv,187,293216
1,B,03,电流-B-S1-03.csv,188,294784
1,B,03,电流-B-S1-03.csv,189,296352
1,B,03,电流-B-S1-03.csv,190,297920
1,B,03,电流-B-S1-03.csv,191,299488
1,B,03,电流-B-S1-03.csv,192,301056
1,B,03,电流-B-S1-03.csv,193,302624
1,B,03,电流-B-S1-03.csv,194,304192
1,B,03,电流-B-S1-03.csv,195,305760
1,B,03,电流-B-S1-03.csv,196,307328
1,B,03,电流-B-S1-03.csv,197,308896
1,B,03,电流-B-S1-03.csv,198,310464
1,B,03,电流-B-S1-03.csv,199,312032
1,B,03,电流-B-S1-03.csv,200,313600
1,B,03,电流-B-S1-03.csv,201,315168
1,B,03,电流-B-S1-03.csv,202,316736
1,B,03,电流-B-S1-03.csv,203,318304
1,B,03,电流-B-S1-03.csv,204,319872
1,B,03,电流-B-S1-03.csv,205,321440
1,B,03,电流-B-S1-03.csv,206,323008
1,B,03,电流-B-S1-03.csv,207,324576
1,B,03,电流-B-S1-03.csv,208,326144
1,B,03,电流-B-S1-03.csv,209,327712
1,B,03,电流-B-S1-03.csv,210,329280
1,B,03,电流-B-S1-03.csv,211,330848
1,B,03,电流-B-S1-03.csv,212,332416
1,B,03,电流-B-S1-03.csv,213,333984
1,B,03,电流-B-S1-03.csv,214,335552
1,B,03,电流-B-S1-03.csv,215,337120
1,B,03,电流-B-S1-03.csv,216,338688
1,B,03,电流-B-S1-03.csv,217,340256
1,B,03,电流-B-S1-03.csv,218,341824
1,B,03,电流-B-S1-03.csv,219,343392
1,B,03,电流-B-S1-03.csv,220,344960
1,B,03,电流-B-S1-03.csv,221,346528
1,B,03,电流-B-S1-03.csv,222,348096
1,B,03,电流-B-S1-03.csv,223,349664
1,B,03,电流-B-S1-03.csv,224,351232
1,B,03,电流-B-S1-03.csv,225,352800
1,B,03,电流-B-S1-03.csv,226,354368
1,B,03,电流-B-S1-03.csv,227,355936
1,B,03,电流-B-S1-03.csv,228,357504
1,B,03,电流-B-S1-03.csv,229,359072
1,B,03,电流-B-S1-03.csv,230,360640
1,B,03,电流-B-S1-03.csv,231,362208
1,B,03,电流-B-S1-03.csv,232,363776
1,B,03,电流-B-S1-03.csv,233,365344
1,B,03,电流-B-S1-03.csv,234,366912
1,B,03,电流-B-S1-03.csv,235,368480
1,B,03,电流-B-S1-03.csv,236,370048
1,B,03,电流-B-S1-03.csv,237,371616
1,B,03,电流-B-S1-03.csv,238,373184
1,B,03,电流-B-S1-03.csv,239,374752
1,B,03,电流-B-S1-03.csv,240,376320
1,B,03,电流-B-S1-03.csv,241,377888
1,B,03,电流-B-S1-03.csv,242,379456
1,B,03,电流-B-S1-03.csv,243,381024
1,B,03,电流-B-S1-03.csv,244,382592
1,B,03,电流-B-S1-03.csv,245,384160
1,B,03,电流-B-S1-03.csv,246,385728
1,B,03,电流-B-S1-03.csv,247,387296
1,B,03,电流-B-S1-03.csv,248,388864
1,B,03,电流-B-S1-03.csv,249,390432
1,B,03,电流-B-S1-03.csv,250,392000
1,B,03,电流-B-S1-03.csv,251,393568
1,B,03,电流-B-S1-03.csv,252,395136
1,B,03,电流-B-S1-03.csv,253,396704
1,B,03,电流-B-S1-03.csv,254,398272
1,B,03,电流-B-S1-03.csv,255,399840
1,B,03,电流-B-S1-03.csv,256,401408
1,B,03,电流-B-S1-03.csv,257,402976
1,B,03,电流-B-S1-03.csv,258,404544
1,B,03,电流-B-S1-03.csv,259,406112
1,B,03,电流-B-S1-03.csv,260,407680
1,B,03,电流-B-S1-03.csv,261,409248
1,B,03,电流-B-S1-03.csv,262,410816
1,B,03,电流-B-S1-03.csv,263,412384
1,B,03,电流-B-S1-03.csv,264,413952
1,B,03,电流-B-S1-03.csv,265,415520
1,B,03,电流-B-S1-03.csv,266,417088
1,B,03,电流-B-S1-03.csv,267,418656
1,B,03,电流-B-S1-03.csv,268,420224
1,B,03,电流-B-S1-03.csv,269,421792
1,B,03,电流-B-S1-03.csv,270,423360
1,B,03,电流-B-S1-03.csv,271,424928
1,B,03,电流-B-S1-03.csv,272,426496
1,B,03,电流-B-S1-03.csv,273,428064
1,B,03,电流-B-S1-03.csv,274,429632
1,B,03,电流-B-S1-03.csv,275,431200
1,B,03,电流-B-S1-03.csv,276,432768
1,B,03,电流-B-S1-03.csv,277,434336
1,B,03,电流-B-S1-03.csv,278,435904
1,B,03,电流-B-S1-03.csv,279,437472
1,B,03,电流-B-S1-03.csv,280,439040
1,B,03,电流-B-S1-03.csv,281,440608
1,B,03,电流-B-S1-03.csv,282,442176
1,B,03,电流-B-S1-03.csv,283,443744
1,B,03,电流-B-S1-03.csv,284,445312
1,B,03,电流-B-S1-03.csv,285,446880
1,B,03,电流-B-S1-03.csv,286,448448
1,B,03,电流-B-S1-03.csv,287,450016
1,B,03,电流-B-S1-03.csv,288,451584
1,B,03,电流-B-S1-03.csv,289,453152
1,B,03,电流-B-S1-03.csv,290,454720
1,B,03,电流-B-S1-03.csv,291,456288
1,B,03,电流-B-S1-03.csv,292,457856
1,B,03,电流-B-S1-03.csv,293,459424
1,B,03,电流-B-S1-03.csv,294,460992
1,B,03,电流-B-S1-03.csv,295,462560
1,B,03,电流-B-S1-03.csv,296,464128
1,B,03,电流-B-S1-03.csv,297,465696
1,B,03,电流-B-S1-03.csv,298,467264
1,B,03,电流-B-S1-03.csv,299,468832
1,B,03,电流-B-S1-03.csv,300,470400
1,B,03,电流-B-S1-03.csv,301,471968
1,B,03,电流-B-S1-03.csv,302,473536
1,B,03,电流-B-S1-03.csv,303,475104
1,B,03,电流-B-S1-03.csv,304,476672
1,B,03,电流-B-S1-03.csv,305,478240
1,B,03,电流-B-S1-03.csv,306,479808
1,B,03,电流-B-S1-03.csv,307,481376
1,B,03,电流-B-S1-03.csv,308,482944
1,B,03,电流-B-S1-03.csv,309,484512
1,B,03,电流-B-S1-03.csv,310,486080
1,B,03,电流-B-S1-03.csv,311,487648
2,B+G,01,电流-B+G-S1-01.csv,0,0
2,B+G,01,电流-B+G-S1-01.csv,1,1568
2,B+G,01,电流-B+G-S1-01.csv,2,3136
2,B+G,01,电流-B+G-S1-01.csv,3,4704
2,B+G,01,电流-B+G-S1-01.csv,4,6272
2,B+G,01,电流-B+G-S1-01.csv,5,7840
2,B+G,01,电流-B+G-S1-01.csv,6,9408
2,B+G,01,电流-B+G-S1-01.csv,7,10976
2,B+G,01,电流-B+G-S1-01.csv,8,12544
2,B+G,01,电流-B+G-S1-01.csv,9,14112
2,B+G,01,电流-B+G-S1-01.csv,10,15680
2,B+G,01,电流-B+G-S1-01.csv,11,17248
2,B+G,01,电流-B+G-S1-01.csv,12,18816
2,B+G,01,电流-B+G-S1-01.csv,13,20384
2,B+G,01,电流-B+G-S1-01.csv,14,21952
2,B+G,01,电流-B+G-S1-01.csv,15,23520
2,B+G,01,电流-B+G-S1-01.csv,16,25088
2,B+G,01,电流-B+G-S1-01.csv,17,26656
2,B+G,01,电流-B+G-S1-01.csv,18,28224
2,B+G,01,电流-B+G-S1-01.csv,19,29792
2,B+G,01,电流-B+G-S1-01.csv,20,31360
2,B+G,01,电流-B+G-S1-01.csv,21,32928
2,B+G,01,电流-B+G-S1-01.csv,22,34496
2,B+G,01,电流-B+G-S1-01.csv,23,36064
2,B+G,01,电流-B+G-S1-01.csv,24,37632
2,B+G,01,电流-B+G-S1-01.csv,25,39200
2,B+G,01,电流-B+G-S1-01.csv,26,40768
2,B+G,01,电流-B+G-S1-01.csv,27,42336
2,B+G,01,电流-B+G-S1-01.csv,28,43904
2,B+G,01,电流-B+G-S1-01.csv,29,45472
2,B+G,01,电流-B+G-S1-01.csv,30,47040
2,B+G,01,电流-B+G-S1-01.csv,31,48608
2,B+G,01,电流-B+G-S1-01.csv,32,50176
2,B+G,01,电流-B+G-S1-01.csv,33,51744
2,B+G,01,电流-B+G-S1-01.csv,34,53312
2,B+G,01,电流-B+G-S1-01.csv,35,54880
2,B+G,01,电流-B+G-S1-01.csv,36,56448
2,B+G,01,电流-B+G-S1-01.csv,37,58016
2,B+G,01,电流-B+G-S1-01.csv,38,59584
2,B+G,01,电流-B+G-S1-01.csv,39,61152
2,B+G,01,电流-B+G-S1-01.csv,40,62720
2,B+G,01,电流-B+G-S1-01.csv,41,64288
2,B+G,01,电流-B+G-S1-01.csv,42,65856
2,B+G,01,电流-B+G-S1-01.csv,43,67424
2,B+G,01,电流-B+G-S1-01.csv,44,68992
2,B+G,01,电流-B+G-S1-01.csv,45,70560
2,B+G,01,电流-B+G-S1-01.csv,46,72128
2,B+G,01,电流-B+G-S1-01.csv,47,73696
2,B+G,01,电流-B+G-S1-01.csv,48,75264
2,B+G,01,电流-B+G-S1-01.csv,49,76832
2,B+G,01,电流-B+G-S1-01.csv,50,78400
2,B+G,01,电流-B+G-S1-01.csv,51,79968
2,B+G,01,电流-B+G-S1-01.csv,52,81536
2,B+G,01,电流-B+G-S1-01.csv,53,83104
2,B+G,01,电流-B+G-S1-01.csv,54,84672
2,B+G,01,电流-B+G-S1-01.csv,55,86240
2,B+G,01,电流-B+G-S1-01.csv,56,87808
2,B+G,01,电流-B+G-S1-01.csv,57,89376
2,B+G,01,电流-B+G-S1-01.csv,58,90944
2,B+G,01,电流-B+G-S1-01.csv,59,92512
2,B+G,01,电流-B+G-S1-01.csv,60,94080
2,B+G,01,电流-B+G-S1-01.csv,61,95648
2,B+G,01,电流-B+G-S1-01.csv,62,97216
2,B+G,01,电流-B+G-S1-01.csv,63,98784
2,B+G,01,电流-B+G-S1-01.csv,64,100352
2,B+G,01,电流-B+G-S1-01.csv,65,101920
2,B+G,01,电流-B+G-S1-01.csv,66,103488
2,B+G,01,电流-B+G-S1-01.csv,67,105056
2,B+G,01,电流-B+G-S1-01.csv,68,106624
2,B+G,01,电流-B+G-S1-01.csv,69,108192
2,B+G,01,电流-B+G-S1-01.csv,70,109760
2,B+G,01,电流-B+G-S1-01.csv,71,111328
2,B+G,01,电流-B+G-S1-01.csv,72,112896
2,B+G,01,电流-B+G-S1-01.csv,73,114464
2,B+G,01,电流-B+G-S1-01.csv,74,116032
2,B+G,01,电流-B+G-S1-01.csv,75,117600
2,B+G,01,电流-B+G-S1-01.csv,76,119168
2,B+G,01,电流-B+G-S1-01.csv,77,120736
2,B+G,01,电流-B+G-S1-01.csv,78,122304
2,B+G,01,电流-B+G-S1-01.csv,79,123872
2,B+G,01,电流-B+G-S1-01.csv,80,125440
2,B+G,01,电流-B+G-S1-01.csv,81,127008
2,B+G,01,电流-B+G-S1-01.csv,82,128576
2,B+G,01,电流-B+G-S1-01.csv,83,130144
2,B+G,01,电流-B+G-S1-01.csv,84,131712
2,B+G,01,电流-B+G-S1-01.csv,85,133280
2,B+G,01,电流-B+G-S1-01.csv,86,134848
2,B+G,01,电流-B+G-S1-01.csv,87,136416
2,B+G,01,电流-B+G-S1-01.csv,88,137984
2,B+G,01,电流-B+G-S1-01.csv,89,139552
2,B+G,01,电流-B+G-S1-01.csv,90,141120
2,B+G,01,电流-B+G-S1-01.csv,91,142688
2,B+G,01,电流-B+G-S1-01.csv,92,144256
2,B+G,01,电流-B+G-S1-01.csv,93,145824
2,B+G,01,电流-B+G-S1-01.csv,94,147392
2,B+G,01,电流-B+G-S1-01.csv,95,148960
2,B+G,01,电流-B+G-S1-01.csv,96,150528
2,B+G,01,电流-B+G-S1-01.csv,97,152096
2,B+G,01,电流-B+G-S1-01.csv,98,153664
2,B+G,01,电流-B+G-S1-01.csv,99,155232
2,B+G,01,电流-B+G-S1-01.csv,100,156800
2,B+G,01,电流-B+G-S1-01.csv,101,158368
2,B+G,01,电流-B+G-S1-01.csv,102,159936
2,B+G,01,电流-B+G-S1-01.csv,103,161504
2,B+G,01,电流-B+G-S1-01.csv,104,163072
2,B+G,01,电流-B+G-S1-01.csv,105,164640
2,B+G,01,电流-B+G-S1-01.csv,106,166208
2,B+G,01,电流-B+G-S1-01.csv,107,167776
2,B+G,01,电流-B+G-S1-01.csv,108,169344
2,B+G,01,电流-B+G-S1-01.csv,109,170912
2,B+G,01,电流-B+G-S1-01.csv,110,172480
2,B+G,01,电流-B+G-S1-01.csv,111,174048
2,B+G,01,电流-B+G-S1-01.csv,112,175616
2,B+G,01,电流-B+G-S1-01.csv,113,177184
2,B+G,01,电流-B+G-S1-01.csv,114,178752
2,B+G,01,电流-B+G-S1-01.csv,115,180320
2,B+G,01,电流-B+G-S1-01.csv,116,181888
2,B+G,01,电流-B+G-S1-01.csv,117,183456
2,B+G,01,电流-B+G-S1-01.csv,118,185024
2,B+G,01,电流-B+G-S1-01.csv,119,186592
2,B+G,01,电流-B+G-S1-01.csv,120,188160
2,B+G,01,电流-B+G-S1-01.csv,121,189728
2,B+G,01,电流-B+G-S1-01.csv,122,191296
2,B+G,01,电流-B+G-S1-01.csv,123,192864
2,B+G,01,电流-B+G-S1-01.csv,124,194432
2,B+G,01,电流-B+G-S1-01.csv,125,196000
2,B+G,01,电流-B+G-S1-01.csv,126,197568
2,B+G,01,电流-B+G-S1-01.csv,127,199136
2,B+G,01,电流-B+G-S1-01.csv,128,200704
2,B+G,01,电流-B+G-S1-01.csv,129,202272
2,B+G,01,电流-B+G-S1-01.csv,130,203840
2,B+G,01,电流-B+G-S1-01.csv,131,205408
2,B+G,01,电流-B+G-S1-01.csv,132,206976
2,B+G,01,电流-B+G-S1-01.csv,133,208544
2,B+G,01,电流-B+G-S1-01.csv,134,210112
2,B+G,01,电流-B+G-S1-01.csv,135,211680
2,B+G,01,电流-B+G-S1-01.csv,136,213248
2,B+G,01,电流-B+G-S1-01.csv,137,214816
2,B+G,01,电流-B+G-S1-01.csv,138,216384
2,B+G,01,电流-B+G-S1-01.csv,139,217952
2,B+G,01,电流-B+G-S1-01.csv,140,219520
2,B+G,01,电流-B+G-S1-01.csv,141,221088
2,B+G,01,电流-B+G-S1-01.csv,142,222656
2,B+G,01,电流-B+G-S1-01.csv,143,224224
2,B+G,01,电流-B+G-S1-01.csv,144,225792
2,B+G,01,电流-B+G-S1-01.csv,145,227360
2,B+G,01,电流-B+G-S1-01.csv,146,228928
2,B+G,01,电流-B+G-S1-01.csv,147,230496
2,B+G,01,电流-B+G-S1-01.csv,148,232064
2,B+G,01,电流-B+G-S1-01.csv,149,233632
2,B+G,01,电流-B+G-S1-01.csv,150,235200
2,B+G,01,电流-B+G-S1-01.csv,151,236768
2,B+G,01,电流-B+G-S1-01.csv,152,238336
2,B+G,01,电流-B+G-S1-01.csv,153,239904
2,B+G,01,电流-B+G-S1-01.csv,154,241472
2,B+G,01,电流-B+G-S1-01.csv,155,243040
2,B+G,01,电流-B+G-S1-01.csv,156,244608
2,B+G,01,电流-B+G-S1-01.csv,157,246176
2,B+G,01,电流-B+G-S1-01.csv,158,247744
2,B+G,01,电流-B+G-S1-01.csv,159,249312
2,B+G,01,电流-B+G-S1-01.csv,160,250880
2,B+G,01,电流-B+G-S1-01.csv,161,252448
2,B+G,01,电流-B+G-S1-01.csv,162,254016
2,B+G,01,电流-B+G-S1-01.csv,163,255584
2,B+G,01,电流-B+G-S1-01.csv,164,257152
2,B+G,01,电流-B+G-S1-01.csv,165,258720
2,B+G,01,电流-B+G-S1-01.csv,166,260288
2,B+G,01,电流-B+G-S1-01.csv,167,261856
2,B+G,01,电流-B+G-S1-01.csv,168,263424
2,B+G,01,电流-B+G-S1-01.csv,169,264992
2,B+G,01,电流-B+G-S1-01.csv,170,266560
2,B+G,01,电流-B+G-S1-01.csv,171,268128
2,B+G,01,电流-B+G-S1-01.csv,172,269696
2,B+G,01,电流-B+G-S1-01.csv,173,271264
2,B+G,01,电流-B+G-S1-01.csv,174,272832
2,B+G,01,电流-B+G-S1-01.csv,175,274400
2,B+G,01,电流-B+G-S1-01.csv,176,275968
2,B+G,01,电流-B+G-S1-01.csv,177,277536
2,B+G,01,电流-B+G-S1-01.csv,178,279104
2,B+G,01,电流-B+G-S1-01.csv,179,280672
2,B+G,01,电流-B+G-S1-01.csv,180,282240
2,B+G,01,电流-B+G-S1-01.csv,181,283808
2,B+G,01,电流-B+G-S1-01.csv,182,285376
2,B+G,01,电流-B+G-S1-01.csv,183,286944
2,B+G,01,电流-B+G-S1-01.csv,184,288512
2,B+G,01,电流-B+G-S1-01.csv,185,290080
2,B+G,01,电流-B+G-S1-01.csv,186,291648
2,B+G,01,电流-B+G-S1-01.csv,187,293216
2,B+G,01,电流-B+G-S1-01.csv,188,294784
2,B+G,01,电流-B+G-S1-01.csv,189,296352
2,B+G,01,电流-B+G-S1-01.csv,190,297920
2,B+G,01,电流-B+G-S1-01.csv,191,299488
2,B+G,01,电流-B+G-S1-01.csv,192,301056
2,B+G,01,电流-B+G-S1-01.csv,193,302624
2,B+G,01,电流-B+G-S1-01.csv,194,304192
2,B+G,01,电流-B+G-S1-01.csv,195,305760
2,B+G,01,电流-B+G-S1-01.csv,196,307328
2,B+G,01,电流-B+G-S1-01.csv,197,308896
2,B+G,01,电流-B+G-S1-01.csv,198,310464
2,B+G,01,电流-B+G-S1-01.csv,199,312032
2,B+G,01,电流-B+G-S1-01.csv,200,313600
2,B+G,01,电流-B+G-S1-01.csv,201,315168
2,B+G,01,电流-B+G-S1-01.csv,202,316736
2,B+G,01,电流-B+G-S1-01.csv,203,318304
2,B+G,01,电流-B+G-S1-01.csv,204,319872
2,B+G,01,电流-B+G-S1-01.csv,205,321440
2,B+G,01,电流-B+G-S1-01.csv,206,323008
2,B+G,01,电流-B+G-S1-01.csv,207,324576
2,B+G,01,电流-B+G-S1-01.csv,208,326144
2,B+G,01,电流-B+G-S1-01.csv,209,327712
2,B+G,01,电流-B+G-S1-01.csv,210,329280
2,B+G,01,电流-B+G-S1-01.csv,211,330848
2,B+G,01,电流-B+G-S1-01.csv,212,332416
2,B+G,01,电流-B+G-S1-01.csv,213,333984
2,B+G,01,电流-B+G-S1-01.csv,214,335552
2,B+G,01,电流-B+G-S1-01.csv,215,337120
2,B+G,01,电流-B+G-S1-01.csv,216,338688
2,B+G,01,电流-B+G-S1-01.csv,217,340256
2,B+G,01,电流-B+G-S1-01.csv,218,341824
2,B+G,01,电流-B+G-S1-01.csv,219,343392
2,B+G,01,电流-B+G-S1-01.csv,220,344960
2,B+G,01,电流-B+G-S1-01.csv,221,346528
2,B+G,01,电流-B+G-S1-01.csv,222,348096
2,B+G,01,电流-B+G-S1-01.csv,223,349664
2,B+G,01,电流-B+G-S1-01.csv,224,351232
2,B+G,01,电流-B+G-S1-01.csv,225,352800
2,B+G,01,电流-B+G-S1-01.csv,226,354368
2,B+G,01,电流-B+G-S1-01.csv,227,355936
2,B+G,01,电流-B+G-S1-01.csv,228,357504
2,B+G,01,电流-B+G-S1-01.csv,229,359072
2,B+G,01,电流-B+G-S1-01.csv,230,360640
2,B+G,01,电流-B+G-S1-01.csv,231,362208
2,B+G,01,电流-B+G-S1-01.csv,232,363776
2,B+G,01,电流-B+G-S1-01.csv,233,365344
2,B+G,01,电流-B+G-S1-01.csv,234,366912
2,B+G,01,电流-B+G-S1-01.csv,235,368480
2,B+G,01,电流-B+G-S1-01.csv,236,370048
2,B+G,01,电流-B+G-S1-01.csv,237,371616
2,B+G,01,电流-B+G-S1-01.csv,238,373184
2,B+G,01,电流-B+G-S1-01.csv,239,374752
2,B+G,01,电流-B+G-S1-01.csv,240,376320
2,B+G,01,电流-B+G-S1-01.csv,241,377888
2,B+G,01,电流-B+G-S1-01.csv,242,379456
2,B+G,01,电流-B+G-S1-01.csv,243,381024
2,B+G,01,电流-B+G-S1-01.csv,244,382592
2,B+G,01,电流-B+G-S1-01.csv,245,384160
2,B+G,01,电流-B+G-S1-01.csv,246,385728
2,B+G,01,电流-B+G-S1-01.csv,247,387296
2,B+G,01,电流-B+G-S1-01.csv,248,388864
2,B+G,01,电流-B+G-S1-01.csv,249,390432
2,B+G,01,电流-B+G-S1-01.csv,250,392000
2,B+G,01,电流-B+G-S1-01.csv,251,393568
2,B+G,01,电流-B+G-S1-01.csv,252,395136
2,B+G,01,电流-B+G-S1-01.csv,253,396704
2,B+G,01,电流-B+G-S1-01.csv,254,398272
2,B+G,01,电流-B+G-S1-01.csv,255,399840
2,B+G,01,电流-B+G-S1-01.csv,256,401408
2,B+G,01,电流-B+G-S1-01.csv,257,402976
2,B+G,01,电流-B+G-S1-01.csv,258,404544
2,B+G,01,电流-B+G-S1-01.csv,259,406112
2,B+G,01,电流-B+G-S1-01.csv,260,407680
2,B+G,01,电流-B+G-S1-01.csv,261,409248
2,B+G,01,电流-B+G-S1-01.csv,262,410816
2,B+G,01,电流-B+G-S1-01.csv,263,412384
2,B+G,01,电流-B+G-S1-01.csv,264,413952
2,B+G,01,电流-B+G-S1-01.csv,265,415520
2,B+G,01,电流-B+G-S1-01.csv,266,417088
2,B+G,01,电流-B+G-S1-01.csv,267,418656
2,B+G,01,电流-B+G-S1-01.csv,268,420224
2,B+G,01,电流-B+G-S1-01.csv,269,421792
2,B+G,01,电流-B+G-S1-01.csv,270,423360
2,B+G,01,电流-B+G-S1-01.csv,271,424928
2,B+G,01,电流-B+G-S1-01.csv,272,426496
2,B+G,01,电流-B+G-S1-01.csv,273,428064
2,B+G,01,电流-B+G-S1-01.csv,274,429632
2,B+G,01,电流-B+G-S1-01.csv,275,431200
2,B+G,01,电流-B+G-S1-01.csv,276,432768
2,B+G,01,电流-B+G-S1-01.csv,277,434336
2,B+G,01,电流-B+G-S1-01.csv,278,435904
2,B+G,01,电流-B+G-S1-01.csv,279,437472
2,B+G,01,电流-B+G-S1-01.csv,280,439040
2,B+G,01,电流-B+G-S1-01.csv,281,440608
2,B+G,01,电流-B+G-S1-01.csv,282,442176
2,B+G,01,电流-B+G-S1-01.csv,283,443744
2,B+G,01,电流-B+G-S1-01.csv,284,445312
2,B+G,01,电流-B+G-S1-01.csv,285,446880
2,B+G,01,电流-B+G-S1-01.csv,286,448448
2,B+G,01,电流-B+G-S1-01.csv,287,450016
2,B+G,01,电流-B+G-S1-01.csv,288,451584
2,B+G,01,电流-B+G-S1-01.csv,289,453152
2,B+G,01,电流-B+G-S1-01.csv,290,454720
2,B+G,01,电流-B+G-S1-01.csv,291,456288
2,B+G,01,电流-B+G-S1-01.csv,292,457856
2,B+G,01,电流-B+G-S1-01.csv,293,459424
2,B+G,01,电流-B+G-S1-01.csv,294,460992
2,B+G,01,电流-B+G-S1-01.csv,295,462560
2,B+G,01,电流-B+G-S1-01.csv,296,464128
2,B+G,01,电流-B+G-S1-01.csv,297,465696
2,B+G,01,电流-B+G-S1-01.csv,298,467264
2,B+G,01,电流-B+G-S1-01.csv,299,468832
2,B+G,01,电流-B+G-S1-01.csv,300,470400
2,B+G,01,电流-B+G-S1-01.csv,301,471968
2,B+G,01,电流-B+G-S1-01.csv,302,473536
2,B+G,01,电流-B+G-S1-01.csv,303,475104
2,B+G,01,电流-B+G-S1-01.csv,304,476672
2,B+G,01,电流-B+G-S1-01.csv,305,478240
2,B+G,01,电流-B+G-S1-01.csv,306,479808
2,B+G,01,电流-B+G-S1-01.csv,307,481376
2,B+G,01,电流-B+G-S1-01.csv,308,482944
2,B+G,01,电流-B+G-S1-01.csv,309,484512
2,B+G,01,电流-B+G-S1-01.csv,310,486080
2,B+G,01,电流-B+G-S1-01.csv,311,487648
2,B+G,03,电流-B+G-S1-03.csv,0,0
2,B+G,03,电流-B+G-S1-03.csv,1,1568
2,B+G,03,电流-B+G-S1-03.csv,2,3136
2,B+G,03,电流-B+G-S1-03.csv,3,4704
2,B+G,03,电流-B+G-S1-03.csv,4,6272
2,B+G,03,电流-B+G-S1-03.csv,5,7840
2,B+G,03,电流-B+G-S1-03.csv,6,9408
2,B+G,03,电流-B+G-S1-03.csv,7,10976
2,B+G,03,电流-B+G-S1-03.csv,8,12544
2,B+G,03,电流-B+G-S1-03.csv,9,14112
2,B+G,03,电流-B+G-S1-03.csv,10,15680
2,B+G,03,电流-B+G-S1-03.csv,11,17248
2,B+G,03,电流-B+G-S1-03.csv,12,18816
2,B+G,03,电流-B+G-S1-03.csv,13,20384
2,B+G,03,电流-B+G-S1-03.csv,14,21952
2,B+G,03,电流-B+G-S1-03.csv,15,23520
2,B+G,03,电流-B+G-S1-03.csv,16,25088
2,B+G,03,电流-B+G-S1-03.csv,17,26656
2,B+G,03,电流-B+G-S1-03.csv,18,28224
2,B+G,03,电流-B+G-S1-03.csv,19,29792
2,B+G,03,电流-B+G-S1-03.csv,20,31360
2,B+G,03,电流-B+G-S1-03.csv,21,32928
2,B+G,03,电流-B+G-S1-03.csv,22,34496
2,B+G,03,电流-B+G-S1-03.csv,23,36064
2,B+G,03,电流-B+G-S1-03.csv,24,37632
2,B+G,03,电流-B+G-S1-03.csv,25,39200
2,B+G,03,电流-B+G-S1-03.csv,26,40768
2,B+G,03,电流-B+G-S1-03.csv,27,42336
2,B+G,03,电流-B+G-S1-03.csv,28,43904
2,B+G,03,电流-B+G-S1-03.csv,29,45472
2,B+G,03,电流-B+G-S1-03.csv,30,47040
2,B+G,03,电流-B+G-S1-03.csv,31,48608
2,B+G,03,电流-B+G-S1-03.csv,32,50176
2,B+G,03,电流-B+G-S1-03.csv,33,51744
2,B+G,03,电流-B+G-S1-03.csv,34,53312
2,B+G,03,电流-B+G-S1-03.csv,35,54880
2,B+G,03,电流-B+G-S1-03.csv,36,56448
2,B+G,03,电流-B+G-S1-03.csv,37,58016
2,B+G,03,电流-B+G-S1-03.csv,38,59584
2,B+G,03,电流-B+G-S1-03.csv,39,61152
2,B+G,03,电流-B+G-S1-03.csv,40,62720
2,B+G,03,电流-B+G-S1-03.csv,41,64288
2,B+G,03,电流-B+G-S1-03.csv,42,65856
2,B+G,03,电流-B+G-S1-03.csv,43,67424
2,B+G,03,电流-B+G-S1-03.csv,44,68992
2,B+G,03,电流-B+G-S1-03.csv,45,70560
2,B+G,03,电流-B+G-S1-03.csv,46,72128
2,B+G,03,电流-B+G-S1-03.csv,47,73696
2,B+G,03,电流-B+G-S1-03.csv,48,75264
2,B+G,03,电流-B+G-S1-03.csv,49,76832
2,B+G,03,电流-B+G-S1-03.csv,50,78400
2,B+G,03,电流-B+G-S1-03.csv,51,79968
2,B+G,03,电流-B+G-S1-03.csv,52,81536
2,B+G,03,电流-B+G-S1-03.csv,53,83104
2,B+G,03,电流-B+G-S1-03.csv,54,84672
2,B+G,03,电流-B+G-S1-03.csv,55,86240
2,B+G,03,电流-B+G-S1-03.csv,56,87808
2,B+G,03,电流-B+G-S1-03.csv,57,89376
2,B+G,03,电流-B+G-S1-03.csv,58,90944
2,B+G,03,电流-B+G-S1-03.csv,59,92512
2,B+G,03,电流-B+G-S1-03.csv,60,94080
2,B+G,03,电流-B+G-S1-03.csv,61,95648
2,B+G,03,电流-B+G-S1-03.csv,62,97216
2,B+G,03,电流-B+G-S1-03.csv,63,98784
2,B+G,03,电流-B+G-S1-03.csv,64,100352
2,B+G,03,电流-B+G-S1-03.csv,65,101920
2,B+G,03,电流-B+G-S1-03.csv,66,103488
2,B+G,03,电流-B+G-S1-03.csv,67,105056
2,B+G,03,电流-B+G-S1-03.csv,68,106624
2,B+G,03,电流-B+G-S1-03.csv,69,108192
2,B+G,03,电流-B+G-S1-03.csv,70,109760
2,B+G,03,电流-B+G-S1-03.csv,71,111328
2,B+G,03,电流-B+G-S1-03.csv,72,112896
2,B+G,03,电流-B+G-S1-03.csv,73,114464
2,B+G,03,电流-B+G-S1-03.csv,74,116032
2,B+G,03,电流-B+G-S1-03.csv,75,117600
2,B+G,03,电流-B+G-S1-03.csv,76,119168
2,B+G,03,电流-B+G-S1-03.csv,77,120736
2,B+G,03,电流-B+G-S1-03.csv,78,122304
2,B+G,03,电流-B+G-S1-03.csv,79,123872
2,B+G,03,电流-B+G-S1-03.csv,80,125440
2,B+G,03,电流-B+G-S1-03.csv,81,127008
2,B+G,03,电流-B+G-S1-03.csv,82,128576
2,B+G,03,电流-B+G-S1-03.csv,83,130144
2,B+G,03,电流-B+G-S1-03.csv,84,131712
2,B+G,03,电流-B+G-S1-03.csv,85,133280
2,B+G,03,电流-B+G-S1-03.csv,86,134848
2,B+G,03,电流-B+G-S1-03.csv,87,136416
2,B+G,03,电流-B+G-S1-03.csv,88,137984
2,B+G,03,电流-B+G-S1-03.csv,89,139552
2,B+G,03,电流-B+G-S1-03.csv,90,141120
2,B+G,03,电流-B+G-S1-03.csv,91,142688
2,B+G,03,电流-B+G-S1-03.csv,92,144256
2,B+G,03,电流-B+G-S1-03.csv,93,145824
2,B+G,03,电流-B+G-S1-03.csv,94,147392
2,B+G,03,电流-B+G-S1-03.csv,95,148960
2,B+G,03,电流-B+G-S1-03.csv,96,150528
2,B+G,03,电流-B+G-S1-03.csv,97,152096
2,B+G,03,电流-B+G-S1-03.csv,98,153664
2,B+G,03,电流-B+G-S1-03.csv,99,155232
2,B+G,03,电流-B+G-S1-03.csv,100,156800
2,B+G,03,电流-B+G-S1-03.csv,101,158368
2,B+G,03,电流-B+G-S1-03.csv,102,159936
2,B+G,03,电流-B+G-S1-03.csv,103,161504
2,B+G,03,电流-B+G-S1-03.csv,104,163072
2,B+G,03,电流-B+G-S1-03.csv,105,164640
2,B+G,03,电流-B+G-S1-03.csv,106,166208
2,B+G,03,电流-B+G-S1-03.csv,107,167776
2,B+G,03,电流-B+G-S1-03.csv,108,169344
2,B+G,03,电流-B+G-S1-03.csv,109,170912
2,B+G,03,电流-B+G-S1-03.csv,110,172480
2,B+G,03,电流-B+G-S1-03.csv,111,174048
2,B+G,03,电流-B+G-S1-03.csv,112,175616
2,B+G,03,电流-B+G-S1-03.csv,113,177184
2,B+G,03,电流-B+G-S1-03.csv,114,178752
2,B+G,03,电流-B+G-S1-03.csv,115,180320
2,B+G,03,电流-B+G-S1-03.csv,116,181888
2,B+G,03,电流-B+G-S1-03.csv,117,183456
2,B+G,03,电流-B+G-S1-03.csv,118,185024
2,B+G,03,电流-B+G-S1-03.csv,119,186592
2,B+G,03,电流-B+G-S1-03.csv,120,188160
2,B+G,03,电流-B+G-S1-03.csv,121,189728
2,B+G,03,电流-B+G-S1-03.csv,122,191296
2,B+G,03,电流-B+G-S1-03.csv,123,192864
2,B+G,03,电流-B+G-S1-03.csv,124,194432
2,B+G,03,电流-B+G-S1-03.csv,125,196000
2,B+G,03,电流-B+G-S1-03.csv,126,197568
2,B+G,03,电流-B+G-S1-03.csv,127,199136
2,B+G,03,电流-B+G-S1-03.csv,128,200704
2,B+G,03,电流-B+G-S1-03.csv,129,202272
2,B+G,03,电流-B+G-S1-03.csv,130,203840
2,B+G,03,电流-B+G-S1-03.csv,131,205408
2,B+G,03,电流-B+G-S1-03.csv,132,206976
2,B+G,03,电流-B+G-S1-03.csv,133,208544
2,B+G,03,电流-B+G-S1-03.csv,134,210112
2,B+G,03,电流-B+G-S1-03.csv,135,211680
2,B+G,03,电流-B+G-S1-03.csv,136,213248
2,B+G,03,电流-B+G-S1-03.csv,137,214816
2,B+G,03,电流-B+G-S1-03.csv,138,216384
2,B+G,03,电流-B+G-S1-03.csv,139,217952
2,B+G,03,电流-B+G-S1-03.csv,140,219520
2,B+G,03,电流-B+G-S1-03.csv,141,221088
2,B+G,03,电流-B+G-S1-03.csv,142,222656
2,B+G,03,电流-B+G-S1-03.csv,143,224224
2,B+G,03,电流-B+G-S1-03.csv,144,225792
2,B+G,03,电流-B+G-S1-03.csv,145,227360
2,B+G,03,电流-B+G-S1-03.csv,146,228928
2,B+G,03,电流-B+G-S1-03.csv,147,230496
2,B+G,03,电流-B+G-S1-03.csv,148,232064
2,B+G,03,电流-B+G-S1-03.csv,149,233632
2,B+G,03,电流-B+G-S1-03.csv,150,235200
2,B+G,03,电流-B+G-S1-03.csv,151,236768
2,B+G,03,电流-B+G-S1-03.csv,152,238336
2,B+G,03,电流-B+G-S1-03.csv,153,239904
2,B+G,03,电流-B+G-S1-03.csv,154,241472
2,B+G,03,电流-B+G-S1-03.csv,155,243040
2,B+G,03,电流-B+G-S1-03.csv,156,244608
2,B+G,03,电流-B+G-S1-03.csv,157,246176
2,B+G,03,电流-B+G-S1-03.csv,158,247744
2,B+G,03,电流-B+G-S1-03.csv,159,249312
2,B+G,03,电流-B+G-S1-03.csv,160,250880
2,B+G,03,电流-B+G-S1-03.csv,161,252448
2,B+G,03,电流-B+G-S1-03.csv,162,254016
2,B+G,03,电流-B+G-S1-03.csv,163,255584
2,B+G,03,电流-B+G-S1-03.csv,164,257152
2,B+G,03,电流-B+G-S1-03.csv,165,258720
2,B+G,03,电流-B+G-S1-03.csv,166,260288
2,B+G,03,电流-B+G-S1-03.csv,167,261856
2,B+G,03,电流-B+G-S1-03.csv,168,263424
2,B+G,03,电流-B+G-S1-03.csv,169,264992
2,B+G,03,电流-B+G-S1-03.csv,170,266560
2,B+G,03,电流-B+G-S1-03.csv,171,268128
2,B+G,03,电流-B+G-S1-03.csv,172,269696
2,B+G,03,电流-B+G-S1-03.csv,173,271264
2,B+G,03,电流-B+G-S1-03.csv,174,272832
2,B+G,03,电流-B+G-S1-03.csv,175,274400
2,B+G,03,电流-B+G-S1-03.csv,176,275968
2,B+G,03,电流-B+G-S1-03.csv,177,277536
2,B+G,03,电流-B+G-S1-03.csv,178,279104
2,B+G,03,电流-B+G-S1-03.csv,179,280672
2,B+G,03,电流-B+G-S1-03.csv,180,282240
2,B+G,03,电流-B+G-S1-03.csv,181,283808
2,B+G,03,电流-B+G-S1-03.csv,182,285376
2,B+G,03,电流-B+G-S1-03.csv,183,286944
2,B+G,03,电流-B+G-S1-03.csv,184,288512
2,B+G,03,电流-B+G-S1-03.csv,185,290080
2,B+G,03,电流-B+G-S1-03.csv,186,291648
2,B+G,03,电流-B+G-S1-03.csv,187,293216
2,B+G,03,电流-B+G-S1-03.csv,188,294784
2,B+G,03,电流-B+G-S1-03.csv,189,296352
2,B+G,03,电流-B+G-S1-03.csv,190,297920
2,B+G,03,电流-B+G-S1-03.csv,191,299488
2,B+G,03,电流-B+G-S1-03.csv,192,301056
2,B+G,03,电流-B+G-S1-03.csv,193,302624
2,B+G,03,电流-B+G-S1-03.csv,194,304192
2,B+G,03,电流-B+G-S1-03.csv,195,305760
2,B+G,03,电流-B+G-S1-03.csv,196,307328
2,B+G,03,电流-B+G-S1-03.csv,197,308896
2,B+G,03,电流-B+G-S1-03.csv,198,310464
2,B+G,03,电流-B+G-S1-03.csv,199,312032
2,B+G,03,电流-B+G-S1-03.csv,200,313600
2,B+G,03,电流-B+G-S1-03.csv,201,315168
2,B+G,03,电流-B+G-S1-03.csv,202,316736
2,B+G,03,电流-B+G-S1-03.csv,203,318304
2,B+G,03,电流-B+G-S1-03.csv,204,319872
2,B+G,03,电流-B+G-S1-03.csv,205,321440
2,B+G,03,电流-B+G-S1-03.csv,206,323008
2,B+G,03,电流-B+G-S1-03.csv,207,324576
2,B+G,03,电流-B+G-S1-03.csv,208,326144
2,B+G,03,电流-B+G-S1-03.csv,209,327712
2,B+G,03,电流-B+G-S1-03.csv,210,329280
2,B+G,03,电流-B+G-S1-03.csv,211,330848
2,B+G,03,电流-B+G-S1-03.csv,212,332416
2,B+G,03,电流-B+G-S1-03.csv,213,333984
2,B+G,03,电流-B+G-S1-03.csv,214,335552
2,B+G,03,电流-B+G-S1-03.csv,215,337120
2,B+G,03,电流-B+G-S1-03.csv,216,338688
2,B+G,03,电流-B+G-S1-03.csv,217,340256
2,B+G,03,电流-B+G-S1-03.csv,218,341824
2,B+G,03,电流-B+G-S1-03.csv,219,343392
2,B+G,03,电流-B+G-S1-03.csv,220,344960
2,B+G,03,电流-B+G-S1-03.csv,221,346528
2,B+G,03,电流-B+G-S1-03.csv,222,348096
2,B+G,03,电流-B+G-S1-03.csv,223,349664
2,B+G,03,电流-B+G-S1-03.csv,224,351232
2,B+G,03,电流-B+G-S1-03.csv,225,352800
2,B+G,03,电流-B+G-S1-03.csv,226,354368
2,B+G,03,电流-B+G-S1-03.csv,227,355936
2,B+G,03,电流-B+G-S1-03.csv,228,357504
2,B+G,03,电流-B+G-S1-03.csv,229,359072
2,B+G,03,电流-B+G-S1-03.csv,230,360640
2,B+G,03,电流-B+G-S1-03.csv,231,362208
2,B+G,03,电流-B+G-S1-03.csv,232,363776
2,B+G,03,电流-B+G-S1-03.csv,233,365344
2,B+G,03,电流-B+G-S1-03.csv,234,366912
2,B+G,03,电流-B+G-S1-03.csv,235,368480
2,B+G,03,电流-B+G-S1-03.csv,236,370048
2,B+G,03,电流-B+G-S1-03.csv,237,371616
2,B+G,03,电流-B+G-S1-03.csv,238,373184
2,B+G,03,电流-B+G-S1-03.csv,239,374752
2,B+G,03,电流-B+G-S1-03.csv,240,376320
2,B+G,03,电流-B+G-S1-03.csv,241,377888
2,B+G,03,电流-B+G-S1-03.csv,242,379456
2,B+G,03,电流-B+G-S1-03.csv,243,381024
2,B+G,03,电流-B+G-S1-03.csv,244,382592
2,B+G,03,电流-B+G-S1-03.csv,245,384160
2,B+G,03,电流-B+G-S1-03.csv,246,385728
2,B+G,03,电流-B+G-S1-03.csv,247,387296
2,B+G,03,电流-B+G-S1-03.csv,248,388864
2,B+G,03,电流-B+G-S1-03.csv,249,390432
2,B+G,03,电流-B+G-S1-03.csv,250,392000
2,B+G,03,电流-B+G-S1-03.csv,251,393568
2,B+G,03,电流-B+G-S1-03.csv,252,395136
2,B+G,03,电流-B+G-S1-03.csv,253,396704
2,B+G,03,电流-B+G-S1-03.csv,254,398272
2,B+G,03,电流-B+G-S1-03.csv,255,399840
2,B+G,03,电流-B+G-S1-03.csv,256,401408
2,B+G,03,电流-B+G-S1-03.csv,257,402976
2,B+G,03,电流-B+G-S1-03.csv,258,404544
2,B+G,03,电流-B+G-S1-03.csv,259,406112
2,B+G,03,电流-B+G-S1-03.csv,260,407680
2,B+G,03,电流-B+G-S1-03.csv,261,409248
2,B+G,03,电流-B+G-S1-03.csv,262,410816
2,B+G,03,电流-B+G-S1-03.csv,263,412384
2,B+G,03,电流-B+G-S1-03.csv,264,413952
2,B+G,03,电流-B+G-S1-03.csv,265,415520
2,B+G,03,电流-B+G-S1-03.csv,266,417088
2,B+G,03,电流-B+G-S1-03.csv,267,418656
2,B+G,03,电流-B+G-S1-03.csv,268,420224
2,B+G,03,电流-B+G-S1-03.csv,269,421792
2,B+G,03,电流-B+G-S1-03.csv,270,423360
2,B+G,03,电流-B+G-S1-03.csv,271,424928
2,B+G,03,电流-B+G-S1-03.csv,272,426496
2,B+G,03,电流-B+G-S1-03.csv,273,428064
2,B+G,03,电流-B+G-S1-03.csv,274,429632
2,B+G,03,电流-B+G-S1-03.csv,275,431200
2,B+G,03,电流-B+G-S1-03.csv,276,432768
2,B+G,03,电流-B+G-S1-03.csv,277,434336
2,B+G,03,电流-B+G-S1-03.csv,278,435904
2,B+G,03,电流-B+G-S1-03.csv,279,437472
2,B+G,03,电流-B+G-S1-03.csv,280,439040
2,B+G,03,电流-B+G-S1-03.csv,281,440608
2,B+G,03,电流-B+G-S1-03.csv,282,442176
2,B+G,03,电流-B+G-S1-03.csv,283,443744
2,B+G,03,电流-B+G-S1-03.csv,284,445312
2,B+G,03,电流-B+G-S1-03.csv,285,446880
2,B+G,03,电流-B+G-S1-03.csv,286,448448
2,B+G,03,电流-B+G-S1-03.csv,287,450016
2,B+G,03,电流-B+G-S1-03.csv,288,451584
2,B+G,03,电流-B+G-S1-03.csv,289,453152
2,B+G,03,电流-B+G-S1-03.csv,290,454720
2,B+G,03,电流-B+G-S1-03.csv,291,456288
2,B+G,03,电流-B+G-S1-03.csv,292,457856
2,B+G,03,电流-B+G-S1-03.csv,293,459424
2,B+G,03,电流-B+G-S1-03.csv,294,460992
2,B+G,03,电流-B+G-S1-03.csv,295,462560
2,B+G,03,电流-B+G-S1-03.csv,296,464128
2,B+G,03,电流-B+G-S1-03.csv,297,465696
2,B+G,03,电流-B+G-S1-03.csv,298,467264
2,B+G,03,电流-B+G-S1-03.csv,299,468832
2,B+G,03,电流-B+G-S1-03.csv,300,470400
2,B+G,03,电流-B+G-S1-03.csv,301,471968
2,B+G,03,电流-B+G-S1-03.csv,302,473536
2,B+G,03,电流-B+G-S1-03.csv,303,475104
2,B+G,03,电流-B+G-S1-03.csv,304,476672
2,B+G,03,电流-B+G-S1-03.csv,305,478240
2,B+G,03,电流-B+G-S1-03.csv,306,479808
2,B+G,03,电流-B+G-S1-03.csv,307,481376
2,B+G,03,电流-B+G-S1-03.csv,308,482944
2,B+G,03,电流-B+G-S1-03.csv,309,484512
2,B+G,03,电流-B+G-S1-03.csv,310,486080
2,B+G,03,电流-B+G-S1-03.csv,311,487648
3,C,01,电流-C-S1-01.csv,0,0
3,C,01,电流-C-S1-01.csv,1,1568
3,C,01,电流-C-S1-01.csv,2,3136
3,C,01,电流-C-S1-01.csv,3,4704
3,C,01,电流-C-S1-01.csv,4,6272
3,C,01,电流-C-S1-01.csv,5,7840
3,C,01,电流-C-S1-01.csv,6,9408
3,C,01,电流-C-S1-01.csv,7,10976
3,C,01,电流-C-S1-01.csv,8,12544
3,C,01,电流-C-S1-01.csv,9,14112
3,C,01,电流-C-S1-01.csv,10,15680
3,C,01,电流-C-S1-01.csv,11,17248
3,C,01,电流-C-S1-01.csv,12,18816
3,C,01,电流-C-S1-01.csv,13,20384
3,C,01,电流-C-S1-01.csv,14,21952
3,C,01,电流-C-S1-01.csv,15,23520
3,C,01,电流-C-S1-01.csv,16,25088
3,C,01,电流-C-S1-01.csv,17,26656
3,C,01,电流-C-S1-01.csv,18,28224
3,C,01,电流-C-S1-01.csv,19,29792
3,C,01,电流-C-S1-01.csv,20,31360
3,C,01,电流-C-S1-01.csv,21,32928
3,C,01,电流-C-S1-01.csv,22,34496
3,C,01,电流-C-S1-01.csv,23,36064
3,C,01,电流-C-S1-01.csv,24,37632
3,C,01,电流-C-S1-01.csv,25,39200
3,C,01,电流-C-S1-01.csv,26,40768
3,C,01,电流-C-S1-01.csv,27,42336
3,C,01,电流-C-S1-01.csv,28,43904
3,C,01,电流-C-S1-01.csv,29,45472
3,C,01,电流-C-S1-01.csv,30,47040
3,C,01,电流-C-S1-01.csv,31,48608
3,C,01,电流-C-S1-01.csv,32,50176
3,C,01,电流-C-S1-01.csv,33,51744
3,C,01,电流-C-S1-01.csv,34,53312
3,C,01,电流-C-S1-01.csv,35,54880
3,C,01,电流-C-S1-01.csv,36,56448
3,C,01,电流-C-S1-01.csv,37,58016
3,C,01,电流-C-S1-01.csv,38,59584
3,C,01,电流-C-S1-01.csv,39,61152
3,C,01,电流-C-S1-01.csv,40,62720
3,C,01,电流-C-S1-01.csv,41,64288
3,C,01,电流-C-S1-01.csv,42,65856
3,C,01,电流-C-S1-01.csv,43,67424
3,C,01,电流-C-S1-01.csv,44,68992
3,C,01,电流-C-S1-01.csv,45,70560
3,C,01,电流-C-S1-01.csv,46,72128
3,C,01,电流-C-S1-01.csv,47,73696
3,C,01,电流-C-S1-01.csv,48,75264
3,C,01,电流-C-S1-01.csv,49,76832
3,C,01,电流-C-S1-01.csv,50,78400
3,C,01,电流-C-S1-01.csv,51,79968
3,C,01,电流-C-S1-01.csv,52,81536
3,C,01,电流-C-S1-01.csv,53,83104
3,C,01,电流-C-S1-01.csv,54,84672
3,C,01,电流-C-S1-01.csv,55,86240
3,C,01,电流-C-S1-01.csv,56,87808
3,C,01,电流-C-S1-01.csv,57,89376
3,C,01,电流-C-S1-01.csv,58,90944
3,C,01,电流-C-S1-01.csv,59,92512
3,C,01,电流-C-S1-01.csv,60,94080
3,C,01,电流-C-S1-01.csv,61,95648
3,C,01,电流-C-S1-01.csv,62,97216
3,C,01,电流-C-S1-01.csv,63,98784
3,C,01,电流-C-S1-01.csv,64,100352
3,C,01,电流-C-S1-01.csv,65,101920
3,C,01,电流-C-S1-01.csv,66,103488
3,C,01,电流-C-S1-01.csv,67,105056
3,C,01,电流-C-S1-01.csv,68,106624
3,C,01,电流-C-S1-01.csv,69,108192
3,C,01,电流-C-S1-01.csv,70,109760
3,C,01,电流-C-S1-01.csv,71,111328
3,C,01,电流-C-S1-01.csv,72,112896
3,C,01,电流-C-S1-01.csv,73,114464
3,C,01,电流-C-S1-01.csv,74,116032
3,C,01,电流-C-S1-01.csv,75,117600
3,C,01,电流-C-S1-01.csv,76,119168
3,C,01,电流-C-S1-01.csv,77,120736
3,C,01,电流-C-S1-01.csv,78,122304
3,C,01,电流-C-S1-01.csv,79,123872
3,C,01,电流-C-S1-01.csv,80,125440
3,C,01,电流-C-S1-01.csv,81,127008
3,C,01,电流-C-S1-01.csv,82,128576
3,C,01,电流-C-S1-01.csv,83,130144
3,C,01,电流-C-S1-01.csv,84,131712
3,C,01,电流-C-S1-01.csv,85,133280
3,C,01,电流-C-S1-01.csv,86,134848
3,C,01,电流-C-S1-01.csv,87,136416
3,C,01,电流-C-S1-01.csv,88,137984
3,C,01,电流-C-S1-01.csv,89,139552
3,C,01,电流-C-S1-01.csv,90,141120
3,C,01,电流-C-S1-01.csv,91,142688
3,C,01,电流-C-S1-01.csv,92,144256
3,C,01,电流-C-S1-01.csv,93,145824
3,C,01,电流-C-S1-01.csv,94,147392
3,C,01,电流-C-S1-01.csv,95,148960
3,C,01,电流-C-S1-01.csv,96,150528
3,C,01,电流-C-S1-01.csv,97,152096
3,C,01,电流-C-S1-01.csv,98,153664
3,C,01,电流-C-S1-01.csv,99,155232
3,C,01,电流-C-S1-01.csv,100,156800
3,C,01,电流-C-S1-01.csv,101,158368
3,C,01,电流-C-S1-01.csv,102,159936
3,C,01,电流-C-S1-01.csv,103,161504
3,C,01,电流-C-S1-01.csv,104,163072
3,C,01,电流-C-S1-01.csv,105,164640
3,C,01,电流-C-S1-01.csv,106,166208
3,C,01,电流-C-S1-01.csv,107,167776
3,C,01,电流-C-S1-01.csv,108,169344
3,C,01,电流-C-S1-01.csv,109,170912
3,C,01,电流-C-S1-01.csv,110,172480
3,C,01,电流-C-S1-01.csv,111,174048
3,C,01,电流-C-S1-01.csv,112,175616
3,C,01,电流-C-S1-01.csv,113,177184
3,C,01,电流-C-S1-01.csv,114,178752
3,C,01,电流-C-S1-01.csv,115,180320
3,C,01,电流-C-S1-01.csv,116,181888
3,C,01,电流-C-S1-01.csv,117,183456
3,C,01,电流-C-S1-01.csv,118,185024
3,C,01,电流-C-S1-01.csv,119,186592
3,C,01,电流-C-S1-01.csv,120,188160
3,C,01,电流-C-S1-01.csv,121,189728
3,C,01,电流-C-S1-01.csv,122,191296
3,C,01,电流-C-S1-01.csv,123,192864
3,C,01,电流-C-S1-01.csv,124,194432
3,C,01,电流-C-S1-01.csv,125,196000
3,C,01,电流-C-S1-01.csv,126,197568
3,C,01,电流-C-S1-01.csv,127,199136
3,C,01,电流-C-S1-01.csv,128,200704
3,C,01,电流-C-S1-01.csv,129,202272
3,C,01,电流-C-S1-01.csv,130,203840
3,C,01,电流-C-S1-01.csv,131,205408
3,C,01,电流-C-S1-01.csv,132,206976
3,C,01,电流-C-S1-01.csv,133,208544
3,C,01,电流-C-S1-01.csv,134,210112
3,C,01,电流-C-S1-01.csv,135,211680
3,C,01,电流-C-S1-01.csv,136,213248
3,C,01,电流-C-S1-01.csv,137,214816
3,C,01,电流-C-S1-01.csv,138,216384
3,C,01,电流-C-S1-01.csv,139,217952
3,C,01,电流-C-S1-01.csv,140,219520
3,C,01,电流-C-S1-01.csv,141,221088
3,C,01,电流-C-S1-01.csv,142,222656
3,C,01,电流-C-S1-01.csv,143,224224
3,C,01,电流-C-S1-01.csv,144,225792
3,C,01,电流-C-S1-01.csv,145,227360
3,C,01,电流-C-S1-01.csv,146,228928
3,C,01,电流-C-S1-01.csv,147,230496
3,C,01,电流-C-S1-01.csv,148,232064
3,C,01,电流-C-S1-01.csv,149,233632
3,C,01,电流-C-S1-01.csv,150,235200
3,C,01,电流-C-S1-01.csv,151,236768
3,C,01,电流-C-S1-01.csv,152,238336
3,C,01,电流-C-S1-01.csv,153,239904
3,C,01,电流-C-S1-01.csv,154,241472
3,C,01,电流-C-S1-01.csv,155,243040
3,C,01,电流-C-S1-01.csv,156,244608
3,C,01,电流-C-S1-01.csv,157,246176
3,C,01,电流-C-S1-01.csv,158,247744
3,C,01,电流-C-S1-01.csv,159,249312
3,C,01,电流-C-S1-01.csv,160,250880
3,C,01,电流-C-S1-01.csv,161,252448
3,C,01,电流-C-S1-01.csv,162,254016
3,C,01,电流-C-S1-01.csv,163,255584
3,C,01,电流-C-S1-01.csv,164,257152
3,C,01,电流-C-S1-01.csv,165,258720
3,C,01,电流-C-S1-01.csv,166,260288
3,C,01,电流-C-S1-01.csv,167,261856
3,C,01,电流-C-S1-01.csv,168,263424
3,C,01,电流-C-S1-01.csv,169,264992
3,C,01,电流-C-S1-01.csv,170,266560
3,C,01,电流-C-S1-01.csv,171,268128
3,C,01,电流-C-S1-01.csv,172,269696
3,C,01,电流-C-S1-01.csv,173,271264
3,C,01,电流-C-S1-01.csv,174,272832
3,C,01,电流-C-S1-01.csv,175,274400
3,C,01,电流-C-S1-01.csv,176,275968
3,C,01,电流-C-S1-01.csv,177,277536
3,C,01,电流-C-S1-01.csv,178,279104
3,C,01,电流-C-S1-01.csv,179,280672
3,C,01,电流-C-S1-01.csv,180,282240
3,C,01,电流-C-S1-01.csv,181,283808
3,C,01,电流-C-S1-01.csv,182,285376
3,C,01,电流-C-S1-01.csv,183,286944
3,C,01,电流-C-S1-01.csv,184,288512
3,C,01,电流-C-S1-01.csv,185,290080
3,C,01,电流-C-S1-01.csv,186,291648
3,C,01,电流-C-S1-01.csv,187,293216
3,C,01,电流-C-S1-01.csv,188,294784
3,C,01,电流-C-S1-01.csv,189,296352
3,C,01,电流-C-S1-01.csv,190,297920
3,C,01,电流-C-S1-01.csv,191,299488
3,C,01,电流-C-S1-01.csv,192,301056
3,C,01,电流-C-S1-01.csv,193,302624
3,C,01,电流-C-S1-01.csv,194,304192
3,C,01,电流-C-S1-01.csv,195,305760
3,C,01,电流-C-S1-01.csv,196,307328
3,C,01,电流-C-S1-01.csv,197,308896
3,C,01,电流-C-S1-01.csv,198,310464
3,C,01,电流-C-S1-01.csv,199,312032
3,C,01,电流-C-S1-01.csv,200,313600
3,C,01,电流-C-S1-01.csv,201,315168
3,C,01,电流-C-S1-01.csv,202,316736
3,C,01,电流-C-S1-01.csv,203,318304
3,C,01,电流-C-S1-01.csv,204,319872
3,C,01,电流-C-S1-01.csv,205,321440
3,C,01,电流-C-S1-01.csv,206,323008
3,C,01,电流-C-S1-01.csv,207,324576
3,C,01,电流-C-S1-01.csv,208,326144
3,C,01,电流-C-S1-01.csv,209,327712
3,C,01,电流-C-S1-01.csv,210,329280
3,C,01,电流-C-S1-01.csv,211,330848
3,C,01,电流-C-S1-01.csv,212,332416
3,C,01,电流-C-S1-01.csv,213,333984
3,C,01,电流-C-S1-01.csv,214,335552
3,C,01,电流-C-S1-01.csv,215,337120
3,C,01,电流-C-S1-01.csv,216,338688
3,C,01,电流-C-S1-01.csv,217,340256
3,C,01,电流-C-S1-01.csv,218,341824
3,C,01,电流-C-S1-01.csv,219,343392
3,C,01,电流-C-S1-01.csv,220,344960
3,C,01,电流-C-S1-01.csv,221,346528
3,C,01,电流-C-S1-01.csv,222,348096
3,C,01,电流-C-S1-01.csv,223,349664
3,C,01,电流-C-S1-01.csv,224,351232
3,C,01,电流-C-S1-01.csv,225,352800
3,C,01,电流-C-S1-01.csv,226,354368
3,C,01,电流-C-S1-01.csv,227,355936
3,C,01,电流-C-S1-01.csv,228,357504
3,C,01,电流-C-S1-01.csv,229,359072
3,C,01,电流-C-S1-01.csv,230,360640
3,C,01,电流-C-S1-01.csv,231,362208
3,C,01,电流-C-S1-01.csv,232,363776
3,C,01,电流-C-S1-01.csv,233,365344
3,C,01,电流-C-S1-01.csv,234,366912
3,C,01,电流-C-S1-01.csv,235,368480
3,C,01,电流-C-S1-01.csv,236,370048
3,C,01,电流-C-S1-01.csv,237,371616
3,C,01,电流-C-S1-01.csv,238,373184
3,C,01,电流-C-S1-01.csv,239,374752
3,C,01,电流-C-S1-01.csv,240,376320
3,C,01,电流-C-S1-01.csv,241,377888
3,C,01,电流-C-S1-01.csv,242,379456
3,C,01,电流-C-S1-01.csv,243,381024
3,C,01,电流-C-S1-01.csv,244,382592
3,C,01,电流-C-S1-01.csv,245,384160
3,C,01,电流-C-S1-01.csv,246,385728
3,C,01,电流-C-S1-01.csv,247,387296
3,C,01,电流-C-S1-01.csv,248,388864
3,C,01,电流-C-S1-01.csv,249,390432
3,C,01,电流-C-S1-01.csv,250,392000
3,C,01,电流-C-S1-01.csv,251,393568
3,C,01,电流-C-S1-01.csv,252,395136
3,C,01,电流-C-S1-01.csv,253,396704
3,C,01,电流-C-S1-01.csv,254,398272
3,C,01,电流-C-S1-01.csv,255,399840
3,C,01,电流-C-S1-01.csv,256,401408
3,C,01,电流-C-S1-01.csv,257,402976
3,C,01,电流-C-S1-01.csv,258,404544
3,C,01,电流-C-S1-01.csv,259,406112
3,C,01,电流-C-S1-01.csv,260,407680
3,C,01,电流-C-S1-01.csv,261,409248
3,C,01,电流-C-S1-01.csv,262,410816
3,C,01,电流-C-S1-01.csv,263,412384
3,C,01,电流-C-S1-01.csv,264,413952
3,C,01,电流-C-S1-01.csv,265,415520
3,C,01,电流-C-S1-01.csv,266,417088
3,C,01,电流-C-S1-01.csv,267,418656
3,C,01,电流-C-S1-01.csv,268,420224
3,C,01,电流-C-S1-01.csv,269,421792
3,C,01,电流-C-S1-01.csv,270,423360
3,C,01,电流-C-S1-01.csv,271,424928
3,C,01,电流-C-S1-01.csv,272,426496
3,C,01,电流-C-S1-01.csv,273,428064
3,C,01,电流-C-S1-01.csv,274,429632
3,C,01,电流-C-S1-01.csv,275,431200
3,C,01,电流-C-S1-01.csv,276,432768
3,C,01,电流-C-S1-01.csv,277,434336
3,C,01,电流-C-S1-01.csv,278,435904
3,C,01,电流-C-S1-01.csv,279,437472
3,C,01,电流-C-S1-01.csv,280,439040
3,C,01,电流-C-S1-01.csv,281,440608
3,C,01,电流-C-S1-01.csv,282,442176
3,C,01,电流-C-S1-01.csv,283,443744
3,C,01,电流-C-S1-01.csv,284,445312
3,C,01,电流-C-S1-01.csv,285,446880
3,C,01,电流-C-S1-01.csv,286,448448
3,C,01,电流-C-S1-01.csv,287,450016
3,C,01,电流-C-S1-01.csv,288,451584
3,C,01,电流-C-S1-01.csv,289,453152
3,C,01,电流-C-S1-01.csv,290,454720
3,C,01,电流-C-S1-01.csv,291,456288
3,C,01,电流-C-S1-01.csv,292,457856
3,C,01,电流-C-S1-01.csv,293,459424
3,C,01,电流-C-S1-01.csv,294,460992
3,C,01,电流-C-S1-01.csv,295,462560
3,C,01,电流-C-S1-01.csv,296,464128
3,C,01,电流-C-S1-01.csv,297,465696
3,C,01,电流-C-S1-01.csv,298,467264
3,C,01,电流-C-S1-01.csv,299,468832
3,C,01,电流-C-S1-01.csv,300,470400
3,C,01,电流-C-S1-01.csv,301,471968
3,C,01,电流-C-S1-01.csv,302,473536
3,C,01,电流-C-S1-01.csv,303,475104
3,C,01,电流-C-S1-01.csv,304,476672
3,C,01,电流-C-S1-01.csv,305,478240
3,C,01,电流-C-S1-01.csv,306,479808
3,C,01,电流-C-S1-01.csv,307,481376
3,C,01,电流-C-S1-01.csv,308,482944
3,C,01,电流-C-S1-01.csv,309,484512
3,C,01,电流-C-S1-01.csv,310,486080
3,C,01,电流-C-S1-01.csv,311,487648
3,C,03,电流-C-S1-03.csv,0,0
3,C,03,电流-C-S1-03.csv,1,1568
3,C,03,电流-C-S1-03.csv,2,3136
3,C,03,电流-C-S1-03.csv,3,4704
3,C,03,电流-C-S1-03.csv,4,6272
3,C,03,电流-C-S1-03.csv,5,7840
3,C,03,电流-C-S1-03.csv,6,9408
3,C,03,电流-C-S1-03.csv,7,10976
3,C,03,电流-C-S1-03.csv,8,12544
3,C,03,电流-C-S1-03.csv,9,14112
3,C,03,电流-C-S1-03.csv,10,15680
3,C,03,电流-C-S1-03.csv,11,17248
3,C,03,电流-C-S1-03.csv,12,18816
3,C,03,电流-C-S1-03.csv,13,20384
3,C,03,电流-C-S1-03.csv,14,21952
3,C,03,电流-C-S1-03.csv,15,23520
3,C,03,电流-C-S1-03.csv,16,25088
3,C,03,电流-C-S1-03.csv,17,26656
3,C,03,电流-C-S1-03.csv,18,28224
3,C,03,电流-C-S1-03.csv,19,29792
3,C,03,电流-C-S1-03.csv,20,31360
3,C,03,电流-C-S1-03.csv,21,32928
3,C,03,电流-C-S1-03.csv,22,34496
3,C,03,电流-C-S1-03.csv,23,36064
3,C,03,电流-C-S1-03.csv,24,37632
3,C,03,电流-C-S1-03.csv,25,39200
3,C,03,电流-C-S1-03.csv,26,40768
3,C,03,电流-C-S1-03.csv,27,42336
3,C,03,电流-C-S1-03.csv,28,43904
3,C,03,电流-C-S1-03.csv,29,45472
3,C,03,电流-C-S1-03.csv,30,47040
3,C,03,电流-C-S1-03.csv,31,48608
3,C,03,电流-C-S1-03.csv,32,50176
3,C,03,电流-C-S1-03.csv,33,51744
3,C,03,电流-C-S1-03.csv,34,53312
3,C,03,电流-C-S1-03.csv,35,54880
3,C,03,电流-C-S1-03.csv,36,56448
3,C,03,电流-C-S1-03.csv,37,58016
3,C,03,电流-C-S1-03.csv,38,59584
3,C,03,电流-C-S1-03.csv,39,61152
3,C,03,电流-C-S1-03.csv,40,62720
3,C,03,电流-C-S1-03.csv,41,64288
3,C,03,电流-C-S1-03.csv,42,65856
3,C,03,电流-C-S1-03.csv,43,67424
3,C,03,电流-C-S1-03.csv,44,68992
3,C,03,电流-C-S1-03.csv,45,70560
3,C,03,电流-C-S1-03.csv,46,72128
3,C,03,电流-C-S1-03.csv,47,73696
3,C,03,电流-C-S1-03.csv,48,75264
3,C,03,电流-C-S1-03.csv,49,76832
3,C,03,电流-C-S1-03.csv,50,78400
3,C,03,电流-C-S1-03.csv,51,79968
3,C,03,电流-C-S1-03.csv,52,81536
3,C,03,电流-C-S1-03.csv,53,83104
3,C,03,电流-C-S1-03.csv,54,84672
3,C,03,电流-C-S1-03.csv,55,86240
3,C,03,电流-C-S1-03.csv,56,87808
3,C,03,电流-C-S1-03.csv,57,89376
3,C,03,电流-C-S1-03.csv,58,90944
3,C,03,电流-C-S1-03.csv,59,92512
3,C,03,电流-C-S1-03.csv,60,94080
3,C,03,电流-C-S1-03.csv,61,95648
3,C,03,电流-C-S1-03.csv,62,97216
3,C,03,电流-C-S1-03.csv,63,98784
3,C,03,电流-C-S1-03.csv,64,100352
3,C,03,电流-C-S1-03.csv,65,101920
3,C,03,电流-C-S1-03.csv,66,103488
3,C,03,电流-C-S1-03.csv,67,105056
3,C,03,电流-C-S1-03.csv,68,106624
3,C,03,电流-C-S1-03.csv,69,108192
3,C,03,电流-C-S1-03.csv,70,109760
3,C,03,电流-C-S1-03.csv,71,111328
3,C,03,电流-C-S1-03.csv,72,112896
3,C,03,电流-C-S1-03.csv,73,114464
3,C,03,电流-C-S1-03.csv,74,116032
3,C,03,电流-C-S1-03.csv,75,117600
3,C,03,电流-C-S1-03.csv,76,119168
3,C,03,电流-C-S1-03.csv,77,120736
3,C,03,电流-C-S1-03.csv,78,122304
3,C,03,电流-C-S1-03.csv,79,123872
3,C,03,电流-C-S1-03.csv,80,125440
3,C,03,电流-C-S1-03.csv,81,127008
3,C,03,电流-C-S1-03.csv,82,128576
3,C,03,电流-C-S1-03.csv,83,130144
3,C,03,电流-C-S1-03.csv,84,131712
3,C,03,电流-C-S1-03.csv,85,133280
3,C,03,电流-C-S1-03.csv,86,134848
3,C,03,电流-C-S1-03.csv,87,136416
3,C,03,电流-C-S1-03.csv,88,137984
3,C,03,电流-C-S1-03.csv,89,139552
3,C,03,电流-C-S1-03.csv,90,141120
3,C,03,电流-C-S1-03.csv,91,142688
3,C,03,电流-C-S1-03.csv,92,144256
3,C,03,电流-C-S1-03.csv,93,145824
3,C,03,电流-C-S1-03.csv,94,147392
3,C,03,电流-C-S1-03.csv,95,148960
3,C,03,电流-C-S1-03.csv,96,150528
3,C,03,电流-C-S1-03.csv,97,152096
3,C,03,电流-C-S1-03.csv,98,153664
3,C,03,电流-C-S1-03.csv,99,155232
3,C,03,电流-C-S1-03.csv,100,156800
3,C,03,电流-C-S1-03.csv,101,158368
3,C,03,电流-C-S1-03.csv,102,159936
3,C,03,电流-C-S1-03.csv,103,161504
3,C,03,电流-C-S1-03.csv,104,163072
3,C,03,电流-C-S1-03.csv,105,164640
3,C,03,电流-C-S1-03.csv,106,166208
3,C,03,电流-C-S1-03.csv,107,167776
3,C,03,电流-C-S1-03.csv,108,169344
3,C,03,电流-C-S1-03.csv,109,170912
3,C,03,电流-C-S1-03.csv,110,172480
3,C,03,电流-C-S1-03.csv,111,174048
3,C,03,电流-C-S1-03.csv,112,175616
3,C,03,电流-C-S1-03.csv,113,177184
3,C,03,电流-C-S1-03.csv,114,178752
3,C,03,电流-C-S1-03.csv,115,180320
3,C,03,电流-C-S1-03.csv,116,181888
3,C,03,电流-C-S1-03.csv,117,183456
3,C,03,电流-C-S1-03.csv,118,185024
3,C,03,电流-C-S1-03.csv,119,186592
3,C,03,电流-C-S1-03.csv,120,188160
3,C,03,电流-C-S1-03.csv,121,189728
3,C,03,电流-C-S1-03.csv,122,191296
3,C,03,电流-C-S1-03.csv,123,192864
3,C,03,电流-C-S1-03.csv,124,194432
3,C,03,电流-C-S1-03.csv,125,196000
3,C,03,电流-C-S1-03.csv,126,197568
3,C,03,电流-C-S1-03.csv,127,199136
3,C,03,电流-C-S1-03.csv,128,200704
3,C,03,电流-C-S1-03.csv,129,202272
3,C,03,电流-C-S1-03.csv,130,203840
3,C,03,电流-C-S1-03.csv,131,205408
3,C,03,电流-C-S1-03.csv,132,206976
3,C,03,电流-C-S1-03.csv,133,208544
3,C,03,电流-C-S1-03.csv,134,210112
3,C,03,电流-C-S1-03.csv,135,211680
3,C,03,电流-C-S1-03.csv,136,213248
3,C,03,电流-C-S1-03.csv,137,214816
3,C,03,电流-C-S1-03.csv,138,216384
3,C,03,电流-C-S1-03.csv,139,217952
3,C,03,电流-C-S1-03.csv,140,219520
3,C,03,电流-C-S1-03.csv,141,221088
3,C,03,电流-C-S1-03.csv,142,222656
3,C,03,电流-C-S1-03.csv,143,224224
3,C,03,电流-C-S1-03.csv,144,225792
3,C,03,电流-C-S1-03.csv,145,227360
3,C,03,电流-C-S1-03.csv,146,228928
3,C,03,电流-C-S1-03.csv,147,230496
3,C,03,电流-C-S1-03.csv,148,232064
3,C,03,电流-C-S1-03.csv,149,233632
3,C,03,电流-C-S1-03.csv,150,235200
3,C,03,电流-C-S1-03.csv,151,236768
3,C,03,电流-C-S1-03.csv,152,238336
3,C,03,电流-C-S1-03.csv,153,239904
3,C,03,电流-C-S1-03.csv,154,241472
3,C,03,电流-C-S1-03.csv,155,243040
3,C,03,电流-C-S1-03.csv,156,244608
3,C,03,电流-C-S1-03.csv,157,246176
3,C,03,电流-C-S1-03.csv,158,247744
3,C,03,电流-C-S1-03.csv,159,249312
3,C,03,电流-C-S1-03.csv,160,250880
3,C,03,电流-C-S1-03.csv,161,252448
3,C,03,电流-C-S1-03.csv,162,254016
3,C,03,电流-C-S1-03.csv,163,255584
3,C,03,电流-C-S1-03.csv,164,257152
3,C,03,电流-C-S1-03.csv,165,258720
3,C,03,电流-C-S1-03.csv,166,260288
3,C,03,电流-C-S1-03.csv,167,261856
3,C,03,电流-C-S1-03.csv,168,263424
3,C,03,电流-C-S1-03.csv,169,264992
3,C,03,电流-C-S1-03.csv,170,266560
3,C,03,电流-C-S1-03.csv,171,268128
3,C,03,电流-C-S1-03.csv,172,269696
3,C,03,电流-C-S1-03.csv,173,271264
3,C,03,电流-C-S1-03.csv,174,272832
3,C,03,电流-C-S1-03.csv,175,274400
3,C,03,电流-C-S1-03.csv,176,275968
3,C,03,电流-C-S1-03.csv,177,277536
3,C,03,电流-C-S1-03.csv,178,279104
3,C,03,电流-C-S1-03.csv,179,280672
3,C,03,电流-C-S1-03.csv,180,282240
3,C,03,电流-C-S1-03.csv,181,283808
3,C,03,电流-C-S1-03.csv,182,285376
3,C,03,电流-C-S1-03.csv,183,286944
3,C,03,电流-C-S1-03.csv,184,288512
3,C,03,电流-C-S1-03.csv,185,290080
3,C,03,电流-C-S1-03.csv,186,291648
3,C,03,电流-C-S1-03.csv,187,293216
3,C,03,电流-C-S1-03.csv,188,294784
3,C,03,电流-C-S1-03.csv,189,296352
3,C,03,电流-C-S1-03.csv,190,297920
3,C,03,电流-C-S1-03.csv,191,299488
3,C,03,电流-C-S1-03.csv,192,301056
3,C,03,电流-C-S1-03.csv,193,302624
3,C,03,电流-C-S1-03.csv,194,304192
3,C,03,电流-C-S1-03.csv,195,305760
3,C,03,电流-C-S1-03.csv,196,307328
3,C,03,电流-C-S1-03.csv,197,308896
3,C,03,电流-C-S1-03.csv,198,310464
3,C,03,电流-C-S1-03.csv,199,312032
3,C,03,电流-C-S1-03.csv,200,313600
3,C,03,电流-C-S1-03.csv,201,315168
3,C,03,电流-C-S1-03.csv,202,316736
3,C,03,电流-C-S1-03.csv,203,318304
3,C,03,电流-C-S1-03.csv,204,319872
3,C,03,电流-C-S1-03.csv,205,321440
3,C,03,电流-C-S1-03.csv,206,323008
3,C,03,电流-C-S1-03.csv,207,324576
3,C,03,电流-C-S1-03.csv,208,326144
3,C,03,电流-C-S1-03.csv,209,327712
3,C,03,电流-C-S1-03.csv,210,329280
3,C,03,电流-C-S1-03.csv,211,330848
3,C,03,电流-C-S1-03.csv,212,332416
3,C,03,电流-C-S1-03.csv,213,333984
3,C,03,电流-C-S1-03.csv,214,335552
3,C,03,电流-C-S1-03.csv,215,337120
3,C,03,电流-C-S1-03.csv,216,338688
3,C,03,电流-C-S1-03.csv,217,340256
3,C,03,电流-C-S1-03.csv,218,341824
3,C,03,电流-C-S1-03.csv,219,343392
3,C,03,电流-C-S1-03.csv,220,344960
3,C,03,电流-C-S1-03.csv,221,346528
3,C,03,电流-C-S1-03.csv,222,348096
3,C,03,电流-C-S1-03.csv,223,349664
3,C,03,电流-C-S1-03.csv,224,351232
3,C,03,电流-C-S1-03.csv,225,352800
3,C,03,电流-C-S1-03.csv,226,354368
3,C,03,电流-C-S1-03.csv,227,355936
3,C,03,电流-C-S1-03.csv,228,357504
3,C,03,电流-C-S1-03.csv,229,359072
3,C,03,电流-C-S1-03.csv,230,360640
3,C,03,电流-C-S1-03.csv,231,362208
3,C,03,电流-C-S1-03.csv,232,363776
3,C,03,电流-C-S1-03.csv,233,365344
3,C,03,电流-C-S1-03.csv,234,366912
3,C,03,电流-C-S1-03.csv,235,368480
3,C,03,电流-C-S1-03.csv,236,370048
3,C,03,电流-C-S1-03.csv,237,371616
3,C,03,电流-C-S1-03.csv,238,373184
3,C,03,电流-C-S1-03.csv,239,374752
3,C,03,电流-C-S1-03.csv,240,376320
3,C,03,电流-C-S1-03.csv,241,377888
3,C,03,电流-C-S1-03.csv,242,379456
3,C,03,电流-C-S1-03.csv,243,381024
3,C,03,电流-C-S1-03.csv,244,382592
3,C,03,电流-C-S1-03.csv,245,384160
3,C,03,电流-C-S1-03.csv,246,385728
3,C,03,电流-C-S1-03.csv,247,387296
3,C,03,电流-C-S1-03.csv,248,388864
3,C,03,电流-C-S1-03.csv,249,390432
3,C,03,电流-C-S1-03.csv,250,392000
3,C,03,电流-C-S1-03.csv,251,393568
3,C,03,电流-C-S1-03.csv,252,395136
3,C,03,电流-C-S1-03.csv,253,396704
3,C,03,电流-C-S1-03.csv,254,398272
3,C,03,电流-C-S1-03.csv,255,399840
3,C,03,电流-C-S1-03.csv,256,401408
3,C,03,电流-C-S1-03.csv,257,402976
3,C,03,电流-C-S1-03.csv,258,404544
3,C,03,电流-C-S1-03.csv,259,406112
3,C,03,电流-C-S1-03.csv,260,407680
3,C,03,电流-C-S1-03.csv,261,409248
3,C,03,电流-C-S1-03.csv,262,410816
3,C,03,电流-C-S1-03.csv,263,412384
3,C,03,电流-C-S1-03.csv,264,413952
3,C,03,电流-C-S1-03.csv,265,415520
3,C,03,电流-C-S1-03.csv,266,417088
3,C,03,电流-C-S1-03.csv,267,418656
3,C,03,电流-C-S1-03.csv,268,420224
3,C,03,电流-C-S1-03.csv,269,421792
3,C,03,电流-C-S1-03.csv,270,423360
3,C,03,电流-C-S1-03.csv,271,424928
3,C,03,电流-C-S1-03.csv,272,426496
3,C,03,电流-C-S1-03.csv,273,428064
3,C,03,电流-C-S1-03.csv,274,429632
3,C,03,电流-C-S1-03.csv,275,431200
3,C,03,电流-C-S1-03.csv,276,432768
3,C,03,电流-C-S1-03.csv,277,434336
3,C,03,电流-C-S1-03.csv,278,435904
3,C,03,电流-C-S1-03.csv,279,437472
3,C,03,电流-C-S1-03.csv,280,439040
3,C,03,电流-C-S1-03.csv,281,440608
3,C,03,电流-C-S1-03.csv,282,442176
3,C,03,电流-C-S1-03.csv,283,443744
3,C,03,电流-C-S1-03.csv,284,445312
3,C,03,电流-C-S1-03.csv,285,446880
3,C,03,电流-C-S1-03.csv,286,448448
3,C,03,电流-C-S1-03.csv,287,450016
3,C,03,电流-C-S1-03.csv,288,451584
3,C,03,电流-C-S1-03.csv,289,453152
3,C,03,电流-C-S1-03.csv,290,454720
3,C,03,电流-C-S1-03.csv,291,456288
3,C,03,电流-C-S1-03.csv,292,457856
3,C,03,电流-C-S1-03.csv,293,459424
3,C,03,电流-C-S1-03.csv,294,460992
3,C,03,电流-C-S1-03.csv,295,462560
3,C,03,电流-C-S1-03.csv,296,464128
3,C,03,电流-C-S1-03.csv,297,465696
3,C,03,电流-C-S1-03.csv,298,467264
3,C,03,电流-C-S1-03.csv,299,468832
3,C,03,电流-C-S1-03.csv,300,470400
3,C,03,电流-C-S1-03.csv,301,471968
3,C,03,电流-C-S1-03.csv,302,473536
3,C,03,电流-C-S1-03.csv,303,475104
3,C,03,电流-C-S1-03.csv,304,476672
3,C,03,电流-C-S1-03.csv,305,478240
3,C,03,电流-C-S1-03.csv,306,479808
3,C,03,电流-C-S1-03.csv,307,481376
3,C,03,电流-C-S1-03.csv,308,482944
3,C,03,电流-C-S1-03.csv,309,484512
3,C,03,电流-C-S1-03.csv,310,486080
3,C,03,电流-C-S1-03.csv,311,487648
4,E,01,电流-E-S1-01.csv,0,0
4,E,01,电流-E-S1-01.csv,1,1568
4,E,01,电流-E-S1-01.csv,2,3136
4,E,01,电流-E-S1-01.csv,3,4704
4,E,01,电流-E-S1-01.csv,4,6272
4,E,01,电流-E-S1-01.csv,5,7840
4,E,01,电流-E-S1-01.csv,6,9408
4,E,01,电流-E-S1-01.csv,7,10976
4,E,01,电流-E-S1-01.csv,8,12544
4,E,01,电流-E-S1-01.csv,9,14112
4,E,01,电流-E-S1-01.csv,10,15680
4,E,01,电流-E-S1-01.csv,11,17248
4,E,01,电流-E-S1-01.csv,12,18816
4,E,01,电流-E-S1-01.csv,13,20384
4,E,01,电流-E-S1-01.csv,14,21952
4,E,01,电流-E-S1-01.csv,15,23520
4,E,01,电流-E-S1-01.csv,16,25088
4,E,01,电流-E-S1-01.csv,17,26656
4,E,01,电流-E-S1-01.csv,18,28224
4,E,01,电流-E-S1-01.csv,19,29792
4,E,01,电流-E-S1-01.csv,20,31360
4,E,01,电流-E-S1-01.csv,21,32928
4,E,01,电流-E-S1-01.csv,22,34496
4,E,01,电流-E-S1-01.csv,23,36064
4,E,01,电流-E-S1-01.csv,24,37632
4,E,01,电流-E-S1-01.csv,25,39200
4,E,01,电流-E-S1-01.csv,26,40768
4,E,01,电流-E-S1-01.csv,27,42336
4,E,01,电流-E-S1-01.csv,28,43904
4,E,01,电流-E-S1-01.csv,29,45472
4,E,01,电流-E-S1-01.csv,30,47040
4,E,01,电流-E-S1-01.csv,31,48608
4,E,01,电流-E-S1-01.csv,32,50176
4,E,01,电流-E-S1-01.csv,33,51744
4,E,01,电流-E-S1-01.csv,34,53312
4,E,01,电流-E-S1-01.csv,35,54880
4,E,01,电流-E-S1-01.csv,36,56448
4,E,01,电流-E-S1-01.csv,37,58016
4,E,01,电流-E-S1-01.csv,38,59584
4,E,01,电流-E-S1-01.csv,39,61152
4,E,01,电流-E-S1-01.csv,40,62720
4,E,01,电流-E-S1-01.csv,41,64288
4,E,01,电流-E-S1-01.csv,42,65856
4,E,01,电流-E-S1-01.csv,43,67424
4,E,01,电流-E-S1-01.csv,44,68992
4,E,01,电流-E-S1-01.csv,45,70560
4,E,01,电流-E-S1-01.csv,46,72128
4,E,01,电流-E-S1-01.csv,47,73696
4,E,01,电流-E-S1-01.csv,48,75264
4,E,01,电流-E-S1-01.csv,49,76832
4,E,01,电流-E-S1-01.csv,50,78400
4,E,01,电流-E-S1-01.csv,51,79968
4,E,01,电流-E-S1-01.csv,52,81536
4,E,01,电流-E-S1-01.csv,53,83104
4,E,01,电流-E-S1-01.csv,54,84672
4,E,01,电流-E-S1-01.csv,55,86240
4,E,01,电流-E-S1-01.csv,56,87808
4,E,01,电流-E-S1-01.csv,57,89376
4,E,01,电流-E-S1-01.csv,58,90944
4,E,01,电流-E-S1-01.csv,59,92512
4,E,01,电流-E-S1-01.csv,60,94080
4,E,01,电流-E-S1-01.csv,61,95648
4,E,01,电流-E-S1-01.csv,62,97216
4,E,01,电流-E-S1-01.csv,63,98784
4,E,01,电流-E-S1-01.csv,64,100352
4,E,01,电流-E-S1-01.csv,65,101920
4,E,01,电流-E-S1-01.csv,66,103488
4,E,01,电流-E-S1-01.csv,67,105056
4,E,01,电流-E-S1-01.csv,68,106624
4,E,01,电流-E-S1-01.csv,69,108192
4,E,01,电流-E-S1-01.csv,70,109760
4,E,01,电流-E-S1-01.csv,71,111328
4,E,01,电流-E-S1-01.csv,72,112896
4,E,01,电流-E-S1-01.csv,73,114464
4,E,01,电流-E-S1-01.csv,74,116032
4,E,01,电流-E-S1-01.csv,75,117600
4,E,01,电流-E-S1-01.csv,76,119168
4,E,01,电流-E-S1-01.csv,77,120736
4,E,01,电流-E-S1-01.csv,78,122304
4,E,01,电流-E-S1-01.csv,79,123872
4,E,01,电流-E-S1-01.csv,80,125440
4,E,01,电流-E-S1-01.csv,81,127008
4,E,01,电流-E-S1-01.csv,82,128576
4,E,01,电流-E-S1-01.csv,83,130144
4,E,01,电流-E-S1-01.csv,84,131712
4,E,01,电流-E-S1-01.csv,85,133280
4,E,01,电流-E-S1-01.csv,86,134848
4,E,01,电流-E-S1-01.csv,87,136416
4,E,01,电流-E-S1-01.csv,88,137984
4,E,01,电流-E-S1-01.csv,89,139552
4,E,01,电流-E-S1-01.csv,90,141120
4,E,01,电流-E-S1-01.csv,91,142688
4,E,01,电流-E-S1-01.csv,92,144256
4,E,01,电流-E-S1-01.csv,93,145824
4,E,01,电流-E-S1-01.csv,94,147392
4,E,01,电流-E-S1-01.csv,95,148960
4,E,01,电流-E-S1-01.csv,96,150528
4,E,01,电流-E-S1-01.csv,97,152096
4,E,01,电流-E-S1-01.csv,98,153664
4,E,01,电流-E-S1-01.csv,99,155232
4,E,01,电流-E-S1-01.csv,100,156800
4,E,01,电流-E-S1-01.csv,101,158368
4,E,01,电流-E-S1-01.csv,102,159936
4,E,01,电流-E-S1-01.csv,103,161504
4,E,01,电流-E-S1-01.csv,104,163072
4,E,01,电流-E-S1-01.csv,105,164640
4,E,01,电流-E-S1-01.csv,106,166208
4,E,01,电流-E-S1-01.csv,107,167776
4,E,01,电流-E-S1-01.csv,108,169344
4,E,01,电流-E-S1-01.csv,109,170912
4,E,01,电流-E-S1-01.csv,110,172480
4,E,01,电流-E-S1-01.csv,111,174048
4,E,01,电流-E-S1-01.csv,112,175616
4,E,01,电流-E-S1-01.csv,113,177184
4,E,01,电流-E-S1-01.csv,114,178752
4,E,01,电流-E-S1-01.csv,115,180320
4,E,01,电流-E-S1-01.csv,116,181888
4,E,01,电流-E-S1-01.csv,117,183456
4,E,01,电流-E-S1-01.csv,118,185024
4,E,01,电流-E-S1-01.csv,119,186592
4,E,01,电流-E-S1-01.csv,120,188160
4,E,01,电流-E-S1-01.csv,121,189728
4,E,01,电流-E-S1-01.csv,122,191296
4,E,01,电流-E-S1-01.csv,123,192864
4,E,01,电流-E-S1-01.csv,124,194432
4,E,01,电流-E-S1-01.csv,125,196000
4,E,01,电流-E-S1-01.csv,126,197568
4,E,01,电流-E-S1-01.csv,127,199136
4,E,01,电流-E-S1-01.csv,128,200704
4,E,01,电流-E-S1-01.csv,129,202272
4,E,01,电流-E-S1-01.csv,130,203840
4,E,01,电流-E-S1-01.csv,131,205408
4,E,01,电流-E-S1-01.csv,132,206976
4,E,01,电流-E-S1-01.csv,133,208544
4,E,01,电流-E-S1-01.csv,134,210112
4,E,01,电流-E-S1-01.csv,135,211680
4,E,01,电流-E-S1-01.csv,136,213248
4,E,01,电流-E-S1-01.csv,137,214816
4,E,01,电流-E-S1-01.csv,138,216384
4,E,01,电流-E-S1-01.csv,139,217952
4,E,01,电流-E-S1-01.csv,140,219520
4,E,01,电流-E-S1-01.csv,141,221088
4,E,01,电流-E-S1-01.csv,142,222656
4,E,01,电流-E-S1-01.csv,143,224224
4,E,01,电流-E-S1-01.csv,144,225792
4,E,01,电流-E-S1-01.csv,145,227360
4,E,01,电流-E-S1-01.csv,146,228928
4,E,01,电流-E-S1-01.csv,147,230496
4,E,01,电流-E-S1-01.csv,148,232064
4,E,01,电流-E-S1-01.csv,149,233632
4,E,01,电流-E-S1-01.csv,150,235200
4,E,01,电流-E-S1-01.csv,151,236768
4,E,01,电流-E-S1-01.csv,152,238336
4,E,01,电流-E-S1-01.csv,153,239904
4,E,01,电流-E-S1-01.csv,154,241472
4,E,01,电流-E-S1-01.csv,155,243040
4,E,01,电流-E-S1-01.csv,156,244608
4,E,01,电流-E-S1-01.csv,157,246176
4,E,01,电流-E-S1-01.csv,158,247744
4,E,01,电流-E-S1-01.csv,159,249312
4,E,01,电流-E-S1-01.csv,160,250880
4,E,01,电流-E-S1-01.csv,161,252448
4,E,01,电流-E-S1-01.csv,162,254016
4,E,01,电流-E-S1-01.csv,163,255584
4,E,01,电流-E-S1-01.csv,164,257152
4,E,01,电流-E-S1-01.csv,165,258720
4,E,01,电流-E-S1-01.csv,166,260288
4,E,01,电流-E-S1-01.csv,167,261856
4,E,01,电流-E-S1-01.csv,168,263424
4,E,01,电流-E-S1-01.csv,169,264992
4,E,01,电流-E-S1-01.csv,170,266560
4,E,01,电流-E-S1-01.csv,171,268128
4,E,01,电流-E-S1-01.csv,172,269696
4,E,01,电流-E-S1-01.csv,173,271264
4,E,01,电流-E-S1-01.csv,174,272832
4,E,01,电流-E-S1-01.csv,175,274400
4,E,01,电流-E-S1-01.csv,176,275968
4,E,01,电流-E-S1-01.csv,177,277536
4,E,01,电流-E-S1-01.csv,178,279104
4,E,01,电流-E-S1-01.csv,179,280672
4,E,01,电流-E-S1-01.csv,180,282240
4,E,01,电流-E-S1-01.csv,181,283808
4,E,01,电流-E-S1-01.csv,182,285376
4,E,01,电流-E-S1-01.csv,183,286944
4,E,01,电流-E-S1-01.csv,184,288512
4,E,01,电流-E-S1-01.csv,185,290080
4,E,01,电流-E-S1-01.csv,186,291648
4,E,01,电流-E-S1-01.csv,187,293216
4,E,01,电流-E-S1-01.csv,188,294784
4,E,01,电流-E-S1-01.csv,189,296352
4,E,01,电流-E-S1-01.csv,190,297920
4,E,01,电流-E-S1-01.csv,191,299488
4,E,01,电流-E-S1-01.csv,192,301056
4,E,01,电流-E-S1-01.csv,193,302624
4,E,01,电流-E-S1-01.csv,194,304192
4,E,01,电流-E-S1-01.csv,195,305760
4,E,01,电流-E-S1-01.csv,196,307328
4,E,01,电流-E-S1-01.csv,197,308896
4,E,01,电流-E-S1-01.csv,198,310464
4,E,01,电流-E-S1-01.csv,199,312032
4,E,01,电流-E-S1-01.csv,200,313600
4,E,01,电流-E-S1-01.csv,201,315168
4,E,01,电流-E-S1-01.csv,202,316736
4,E,01,电流-E-S1-01.csv,203,318304
4,E,01,电流-E-S1-01.csv,204,319872
4,E,01,电流-E-S1-01.csv,205,321440
4,E,01,电流-E-S1-01.csv,206,323008
4,E,01,电流-E-S1-01.csv,207,324576
4,E,01,电流-E-S1-01.csv,208,326144
4,E,01,电流-E-S1-01.csv,209,327712
4,E,01,电流-E-S1-01.csv,210,329280
4,E,01,电流-E-S1-01.csv,211,330848
4,E,01,电流-E-S1-01.csv,212,332416
4,E,01,电流-E-S1-01.csv,213,333984
4,E,01,电流-E-S1-01.csv,214,335552
4,E,01,电流-E-S1-01.csv,215,337120
4,E,01,电流-E-S1-01.csv,216,338688
4,E,01,电流-E-S1-01.csv,217,340256
4,E,01,电流-E-S1-01.csv,218,341824
4,E,01,电流-E-S1-01.csv,219,343392
4,E,01,电流-E-S1-01.csv,220,344960
4,E,01,电流-E-S1-01.csv,221,346528
4,E,01,电流-E-S1-01.csv,222,348096
4,E,01,电流-E-S1-01.csv,223,349664
4,E,01,电流-E-S1-01.csv,224,351232
4,E,01,电流-E-S1-01.csv,225,352800
4,E,01,电流-E-S1-01.csv,226,354368
4,E,01,电流-E-S1-01.csv,227,355936
4,E,01,电流-E-S1-01.csv,228,357504
4,E,01,电流-E-S1-01.csv,229,359072
4,E,01,电流-E-S1-01.csv,230,360640
4,E,01,电流-E-S1-01.csv,231,362208
4,E,01,电流-E-S1-01.csv,232,363776
4,E,01,电流-E-S1-01.csv,233,365344
4,E,01,电流-E-S1-01.csv,234,366912
4,E,01,电流-E-S1-01.csv,235,368480
4,E,01,电流-E-S1-01.csv,236,370048
4,E,01,电流-E-S1-01.csv,237,371616
4,E,01,电流-E-S1-01.csv,238,373184
4,E,01,电流-E-S1-01.csv,239,374752
4,E,01,电流-E-S1-01.csv,240,376320
4,E,01,电流-E-S1-01.csv,241,377888
4,E,01,电流-E-S1-01.csv,242,379456
4,E,01,电流-E-S1-01.csv,243,381024
4,E,01,电流-E-S1-01.csv,244,382592
4,E,01,电流-E-S1-01.csv,245,384160
4,E,01,电流-E-S1-01.csv,246,385728
4,E,01,电流-E-S1-01.csv,247,387296
4,E,01,电流-E-S1-01.csv,248,388864
4,E,01,电流-E-S1-01.csv,249,390432
4,E,01,电流-E-S1-01.csv,250,392000
4,E,01,电流-E-S1-01.csv,251,393568
4,E,01,电流-E-S1-01.csv,252,395136
4,E,01,电流-E-S1-01.csv,253,396704
4,E,01,电流-E-S1-01.csv,254,398272
4,E,01,电流-E-S1-01.csv,255,399840
4,E,01,电流-E-S1-01.csv,256,401408
4,E,01,电流-E-S1-01.csv,257,402976
4,E,01,电流-E-S1-01.csv,258,404544
4,E,01,电流-E-S1-01.csv,259,406112
4,E,01,电流-E-S1-01.csv,260,407680
4,E,01,电流-E-S1-01.csv,261,409248
4,E,01,电流-E-S1-01.csv,262,410816
4,E,01,电流-E-S1-01.csv,263,412384
4,E,01,电流-E-S1-01.csv,264,413952
4,E,01,电流-E-S1-01.csv,265,415520
4,E,01,电流-E-S1-01.csv,266,417088
4,E,01,电流-E-S1-01.csv,267,418656
4,E,01,电流-E-S1-01.csv,268,420224
4,E,01,电流-E-S1-01.csv,269,421792
4,E,01,电流-E-S1-01.csv,270,423360
4,E,01,电流-E-S1-01.csv,271,424928
4,E,01,电流-E-S1-01.csv,272,426496
4,E,01,电流-E-S1-01.csv,273,428064
4,E,01,电流-E-S1-01.csv,274,429632
4,E,01,电流-E-S1-01.csv,275,431200
4,E,01,电流-E-S1-01.csv,276,432768
4,E,01,电流-E-S1-01.csv,277,434336
4,E,01,电流-E-S1-01.csv,278,435904
4,E,01,电流-E-S1-01.csv,279,437472
4,E,01,电流-E-S1-01.csv,280,439040
4,E,01,电流-E-S1-01.csv,281,440608
4,E,01,电流-E-S1-01.csv,282,442176
4,E,01,电流-E-S1-01.csv,283,443744
4,E,01,电流-E-S1-01.csv,284,445312
4,E,01,电流-E-S1-01.csv,285,446880
4,E,01,电流-E-S1-01.csv,286,448448
4,E,01,电流-E-S1-01.csv,287,450016
4,E,01,电流-E-S1-01.csv,288,451584
4,E,01,电流-E-S1-01.csv,289,453152
4,E,01,电流-E-S1-01.csv,290,454720
4,E,01,电流-E-S1-01.csv,291,456288
4,E,01,电流-E-S1-01.csv,292,457856
4,E,01,电流-E-S1-01.csv,293,459424
4,E,01,电流-E-S1-01.csv,294,460992
4,E,01,电流-E-S1-01.csv,295,462560
4,E,01,电流-E-S1-01.csv,296,464128
4,E,01,电流-E-S1-01.csv,297,465696
4,E,01,电流-E-S1-01.csv,298,467264
4,E,01,电流-E-S1-01.csv,299,468832
4,E,01,电流-E-S1-01.csv,300,470400
4,E,01,电流-E-S1-01.csv,301,471968
4,E,01,电流-E-S1-01.csv,302,473536
4,E,01,电流-E-S1-01.csv,303,475104
4,E,01,电流-E-S1-01.csv,304,476672
4,E,01,电流-E-S1-01.csv,305,478240
4,E,01,电流-E-S1-01.csv,306,479808
4,E,01,电流-E-S1-01.csv,307,481376
4,E,01,电流-E-S1-01.csv,308,482944
4,E,01,电流-E-S1-01.csv,309,484512
4,E,01,电流-E-S1-01.csv,310,486080
4,E,01,电流-E-S1-01.csv,311,487648
4,E,03,电流-E-S1-03.csv,0,0
4,E,03,电流-E-S1-03.csv,1,1568
4,E,03,电流-E-S1-03.csv,2,3136
4,E,03,电流-E-S1-03.csv,3,4704
4,E,03,电流-E-S1-03.csv,4,6272
4,E,03,电流-E-S1-03.csv,5,7840
4,E,03,电流-E-S1-03.csv,6,9408
4,E,03,电流-E-S1-03.csv,7,10976
4,E,03,电流-E-S1-03.csv,8,12544
4,E,03,电流-E-S1-03.csv,9,14112
4,E,03,电流-E-S1-03.csv,10,15680
4,E,03,电流-E-S1-03.csv,11,17248
4,E,03,电流-E-S1-03.csv,12,18816
4,E,03,电流-E-S1-03.csv,13,20384
4,E,03,电流-E-S1-03.csv,14,21952
4,E,03,电流-E-S1-03.csv,15,23520
4,E,03,电流-E-S1-03.csv,16,25088
4,E,03,电流-E-S1-03.csv,17,26656
4,E,03,电流-E-S1-03.csv,18,28224
4,E,03,电流-E-S1-03.csv,19,29792
4,E,03,电流-E-S1-03.csv,20,31360
4,E,03,电流-E-S1-03.csv,21,32928
4,E,03,电流-E-S1-03.csv,22,34496
4,E,03,电流-E-S1-03.csv,23,36064
4,E,03,电流-E-S1-03.csv,24,37632
4,E,03,电流-E-S1-03.csv,25,39200
4,E,03,电流-E-S1-03.csv,26,40768
4,E,03,电流-E-S1-03.csv,27,42336
4,E,03,电流-E-S1-03.csv,28,43904
4,E,03,电流-E-S1-03.csv,29,45472
4,E,03,电流-E-S1-03.csv,30,47040
4,E,03,电流-E-S1-03.csv,31,48608
4,E,03,电流-E-S1-03.csv,32,50176
4,E,03,电流-E-S1-03.csv,33,51744
4,E,03,电流-E-S1-03.csv,34,53312
4,E,03,电流-E-S1-03.csv,35,54880
4,E,03,电流-E-S1-03.csv,36,56448
4,E,03,电流-E-S1-03.csv,37,58016
4,E,03,电流-E-S1-03.csv,38,59584
4,E,03,电流-E-S1-03.csv,39,61152
4,E,03,电流-E-S1-03.csv,40,62720
4,E,03,电流-E-S1-03.csv,41,64288
4,E,03,电流-E-S1-03.csv,42,65856
4,E,03,电流-E-S1-03.csv,43,67424
4,E,03,电流-E-S1-03.csv,44,68992
4,E,03,电流-E-S1-03.csv,45,70560
4,E,03,电流-E-S1-03.csv,46,72128
4,E,03,电流-E-S1-03.csv,47,73696
4,E,03,电流-E-S1-03.csv,48,75264
4,E,03,电流-E-S1-03.csv,49,76832
4,E,03,电流-E-S1-03.csv,50,78400
4,E,03,电流-E-S1-03.csv,51,79968
4,E,03,电流-E-S1-03.csv,52,81536
4,E,03,电流-E-S1-03.csv,53,83104
4,E,03,电流-E-S1-03.csv,54,84672
4,E,03,电流-E-S1-03.csv,55,86240
4,E,03,电流-E-S1-03.csv,56,87808
4,E,03,电流-E-S1-03.csv,57,89376
4,E,03,电流-E-S1-03.csv,58,90944
4,E,03,电流-E-S1-03.csv,59,92512
4,E,03,电流-E-S1-03.csv,60,94080
4,E,03,电流-E-S1-03.csv,61,95648
4,E,03,电流-E-S1-03.csv,62,97216
4,E,03,电流-E-S1-03.csv,63,98784
4,E,03,电流-E-S1-03.csv,64,100352
4,E,03,电流-E-S1-03.csv,65,101920
4,E,03,电流-E-S1-03.csv,66,103488
4,E,03,电流-E-S1-03.csv,67,105056
4,E,03,电流-E-S1-03.csv,68,106624
4,E,03,电流-E-S1-03.csv,69,108192
4,E,03,电流-E-S1-03.csv,70,109760
4,E,03,电流-E-S1-03.csv,71,111328
4,E,03,电流-E-S1-03.csv,72,112896
4,E,03,电流-E-S1-03.csv,73,114464
4,E,03,电流-E-S1-03.csv,74,116032
4,E,03,电流-E-S1-03.csv,75,117600
4,E,03,电流-E-S1-03.csv,76,119168
4,E,03,电流-E-S1-03.csv,77,120736
4,E,03,电流-E-S1-03.csv,78,122304
4,E,03,电流-E-S1-03.csv,79,123872
4,E,03,电流-E-S1-03.csv,80,125440
4,E,03,电流-E-S1-03.csv,81,127008
4,E,03,电流-E-S1-03.csv,82,128576
4,E,03,电流-E-S1-03.csv,83,130144
4,E,03,电流-E-S1-03.csv,84,131712
4,E,03,电流-E-S1-03.csv,85,133280
4,E,03,电流-E-S1-03.csv,86,134848
4,E,03,电流-E-S1-03.csv,87,136416
4,E,03,电流-E-S1-03.csv,88,137984
4,E,03,电流-E-S1-03.csv,89,139552
4,E,03,电流-E-S1-03.csv,90,141120
4,E,03,电流-E-S1-03.csv,91,142688
4,E,03,电流-E-S1-03.csv,92,144256
4,E,03,电流-E-S1-03.csv,93,145824
4,E,03,电流-E-S1-03.csv,94,147392
4,E,03,电流-E-S1-03.csv,95,148960
4,E,03,电流-E-S1-03.csv,96,150528
4,E,03,电流-E-S1-03.csv,97,152096
4,E,03,电流-E-S1-03.csv,98,153664
4,E,03,电流-E-S1-03.csv,99,155232
4,E,03,电流-E-S1-03.csv,100,156800
4,E,03,电流-E-S1-03.csv,101,158368
4,E,03,电流-E-S1-03.csv,102,159936
4,E,03,电流-E-S1-03.csv,103,161504
4,E,03,电流-E-S1-03.csv,104,163072
4,E,03,电流-E-S1-03.csv,105,164640
4,E,03,电流-E-S1-03.csv,106,166208
4,E,03,电流-E-S1-03.csv,107,167776
4,E,03,电流-E-S1-03.csv,108,169344
4,E,03,电流-E-S1-03.csv,109,170912
4,E,03,电流-E-S1-03.csv,110,172480
4,E,03,电流-E-S1-03.csv,111,174048
4,E,03,电流-E-S1-03.csv,112,175616
4,E,03,电流-E-S1-03.csv,113,177184
4,E,03,电流-E-S1-03.csv,114,178752
4,E,03,电流-E-S1-03.csv,115,180320
4,E,03,电流-E-S1-03.csv,116,181888
4,E,03,电流-E-S1-03.csv,117,183456
4,E,03,电流-E-S1-03.csv,118,185024
4,E,03,电流-E-S1-03.csv,119,186592
4,E,03,电流-E-S1-03.csv,120,188160
4,E,03,电流-E-S1-03.csv,121,189728
4,E,03,电流-E-S1-03.csv,122,191296
4,E,03,电流-E-S1-03.csv,123,192864
4,E,03,电流-E-S1-03.csv,124,194432
4,E,03,电流-E-S1-03.csv,125,196000
4,E,03,电流-E-S1-03.csv,126,197568
4,E,03,电流-E-S1-03.csv,127,199136
4,E,03,电流-E-S1-03.csv,128,200704
4,E,03,电流-E-S1-03.csv,129,202272
4,E,03,电流-E-S1-03.csv,130,203840
4,E,03,电流-E-S1-03.csv,131,205408
4,E,03,电流-E-S1-03.csv,132,206976
4,E,03,电流-E-S1-03.csv,133,208544
4,E,03,电流-E-S1-03.csv,134,210112
4,E,03,电流-E-S1-03.csv,135,211680
4,E,03,电流-E-S1-03.csv,136,213248
4,E,03,电流-E-S1-03.csv,137,214816
4,E,03,电流-E-S1-03.csv,138,216384
4,E,03,电流-E-S1-03.csv,139,217952
4,E,03,电流-E-S1-03.csv,140,219520
4,E,03,电流-E-S1-03.csv,141,221088
4,E,03,电流-E-S1-03.csv,142,222656
4,E,03,电流-E-S1-03.csv,143,224224
4,E,03,电流-E-S1-03.csv,144,225792
4,E,03,电流-E-S1-03.csv,145,227360
4,E,03,电流-E-S1-03.csv,146,228928
4,E,03,电流-E-S1-03.csv,147,230496
4,E,03,电流-E-S1-03.csv,148,232064
4,E,03,电流-E-S1-03.csv,149,233632
4,E,03,电流-E-S1-03.csv,150,235200
4,E,03,电流-E-S1-03.csv,151,236768
4,E,03,电流-E-S1-03.csv,152,238336
4,E,03,电流-E-S1-03.csv,153,239904
4,E,03,电流-E-S1-03.csv,154,241472
4,E,03,电流-E-S1-03.csv,155,243040
4,E,03,电流-E-S1-03.csv,156,244608
4,E,03,电流-E-S1-03.csv,157,246176
4,E,03,电流-E-S1-03.csv,158,247744
4,E,03,电流-E-S1-03.csv,159,249312
4,E,03,电流-E-S1-03.csv,160,250880
4,E,03,电流-E-S1-03.csv,161,252448
4,E,03,电流-E-S1-03.csv,162,254016
4,E,03,电流-E-S1-03.csv,163,255584
4,E,03,电流-E-S1-03.csv,164,257152
4,E,03,电流-E-S1-03.csv,165,258720
4,E,03,电流-E-S1-03.csv,166,260288
4,E,03,电流-E-S1-03.csv,167,261856
4,E,03,电流-E-S1-03.csv,168,263424
4,E,03,电流-E-S1-03.csv,169,264992
4,E,03,电流-E-S1-03.csv,170,266560
4,E,03,电流-E-S1-03.csv,171,268128
4,E,03,电流-E-S1-03.csv,172,269696
4,E,03,电流-E-S1-03.csv,173,271264
4,E,03,电流-E-S1-03.csv,174,272832
4,E,03,电流-E-S1-03.csv,175,274400
4,E,03,电流-E-S1-03.csv,176,275968
4,E,03,电流-E-S1-03.csv,177,277536
4,E,03,电流-E-S1-03.csv,178,279104
4,E,03,电流-E-S1-03.csv,179,280672
4,E,03,电流-E-S1-03.csv,180,282240
4,E,03,电流-E-S1-03.csv,181,283808
4,E,03,电流-E-S1-03.csv,182,285376
4,E,03,电流-E-S1-03.csv,183,286944
4,E,03,电流-E-S1-03.csv,184,288512
4,E,03,电流-E-S1-03.csv,185,290080
4,E,03,电流-E-S1-03.csv,186,291648
4,E,03,电流-E-S1-03.csv,187,293216
4,E,03,电流-E-S1-03.csv,188,294784
4,E,03,电流-E-S1-03.csv,189,296352
4,E,03,电流-E-S1-03.csv,190,297920
4,E,03,电流-E-S1-03.csv,191,299488
4,E,03,电流-E-S1-03.csv,192,301056
4,E,03,电流-E-S1-03.csv,193,302624
4,E,03,电流-E-S1-03.csv,194,304192
4,E,03,电流-E-S1-03.csv,195,305760
4,E,03,电流-E-S1-03.csv,196,307328
4,E,03,电流-E-S1-03.csv,197,308896
4,E,03,电流-E-S1-03.csv,198,310464
4,E,03,电流-E-S1-03.csv,199,312032
4,E,03,电流-E-S1-03.csv,200,313600
4,E,03,电流-E-S1-03.csv,201,315168
4,E,03,电流-E-S1-03.csv,202,316736
4,E,03,电流-E-S1-03.csv,203,318304
4,E,03,电流-E-S1-03.csv,204,319872
4,E,03,电流-E-S1-03.csv,205,321440
4,E,03,电流-E-S1-03.csv,206,323008
4,E,03,电流-E-S1-03.csv,207,324576
4,E,03,电流-E-S1-03.csv,208,326144
4,E,03,电流-E-S1-03.csv,209,327712
4,E,03,电流-E-S1-03.csv,210,329280
4,E,03,电流-E-S1-03.csv,211,330848
4,E,03,电流-E-S1-03.csv,212,332416
4,E,03,电流-E-S1-03.csv,213,333984
4,E,03,电流-E-S1-03.csv,214,335552
4,E,03,电流-E-S1-03.csv,215,337120
4,E,03,电流-E-S1-03.csv,216,338688
4,E,03,电流-E-S1-03.csv,217,340256
4,E,03,电流-E-S1-03.csv,218,341824
4,E,03,电流-E-S1-03.csv,219,343392
4,E,03,电流-E-S1-03.csv,220,344960
4,E,03,电流-E-S1-03.csv,221,346528
4,E,03,电流-E-S1-03.csv,222,348096
4,E,03,电流-E-S1-03.csv,223,349664
4,E,03,电流-E-S1-03.csv,224,351232
4,E,03,电流-E-S1-03.csv,225,352800
4,E,03,电流-E-S1-03.csv,226,354368
4,E,03,电流-E-S1-03.csv,227,355936
4,E,03,电流-E-S1-03.csv,228,357504
4,E,03,电流-E-S1-03.csv,229,359072
4,E,03,电流-E-S1-03.csv,230,360640
4,E,03,电流-E-S1-03.csv,231,362208
4,E,03,电流-E-S1-03.csv,232,363776
4,E,03,电流-E-S1-03.csv,233,365344
4,E,03,电流-E-S1-03.csv,234,366912
4,E,03,电流-E-S1-03.csv,235,368480
4,E,03,电流-E-S1-03.csv,236,370048
4,E,03,电流-E-S1-03.csv,237,371616
4,E,03,电流-E-S1-03.csv,238,373184
4,E,03,电流-E-S1-03.csv,239,374752
4,E,03,电流-E-S1-03.csv,240,376320
4,E,03,电流-E-S1-03.csv,241,377888
4,E,03,电流-E-S1-03.csv,242,379456
4,E,03,电流-E-S1-03.csv,243,381024
4,E,03,电流-E-S1-03.csv,244,382592
4,E,03,电流-E-S1-03.csv,245,384160
4,E,03,电流-E-S1-03.csv,246,385728
4,E,03,电流-E-S1-03.csv,247,387296
4,E,03,电流-E-S1-03.csv,248,388864
4,E,03,电流-E-S1-03.csv,249,390432
4,E,03,电流-E-S1-03.csv,250,392000
4,E,03,电流-E-S1-03.csv,251,393568
4,E,03,电流-E-S1-03.csv,252,395136
4,E,03,电流-E-S1-03.csv,253,396704
4,E,03,电流-E-S1-03.csv,254,398272
4,E,03,电流-E-S1-03.csv,255,399840
4,E,03,电流-E-S1-03.csv,256,401408
4,E,03,电流-E-S1-03.csv,257,402976
4,E,03,电流-E-S1-03.csv,258,404544
4,E,03,电流-E-S1-03.csv,259,406112
4,E,03,电流-E-S1-03.csv,260,407680
4,E,03,电流-E-S1-03.csv,261,409248
4,E,03,电流-E-S1-03.csv,262,410816
4,E,03,电流-E-S1-03.csv,263,412384
4,E,03,电流-E-S1-03.csv,264,413952
4,E,03,电流-E-S1-03.csv,265,415520
4,E,03,电流-E-S1-03.csv,266,417088
4,E,03,电流-E-S1-03.csv,267,418656
4,E,03,电流-E-S1-03.csv,268,420224
4,E,03,电流-E-S1-03.csv,269,421792
4,E,03,电流-E-S1-03.csv,270,423360
4,E,03,电流-E-S1-03.csv,271,424928
4,E,03,电流-E-S1-03.csv,272,426496
4,E,03,电流-E-S1-03.csv,273,428064
4,E,03,电流-E-S1-03.csv,274,429632
4,E,03,电流-E-S1-03.csv,275,431200
4,E,03,电流-E-S1-03.csv,276,432768
4,E,03,电流-E-S1-03.csv,277,434336
4,E,03,电流-E-S1-03.csv,278,435904
4,E,03,电流-E-S1-03.csv,279,437472
4,E,03,电流-E-S1-03.csv,280,439040
4,E,03,电流-E-S1-03.csv,281,440608
4,E,03,电流-E-S1-03.csv,282,442176
4,E,03,电流-E-S1-03.csv,283,443744
4,E,03,电流-E-S1-03.csv,284,445312
4,E,03,电流-E-S1-03.csv,285,446880
4,E,03,电流-E-S1-03.csv,286,448448
4,E,03,电流-E-S1-03.csv,287,450016
4,E,03,电流-E-S1-03.csv,288,451584
4,E,03,电流-E-S1-03.csv,289,453152
4,E,03,电流-E-S1-03.csv,290,454720
4,E,03,电流-E-S1-03.csv,291,456288
4,E,03,电流-E-S1-03.csv,292,457856
4,E,03,电流-E-S1-03.csv,293,459424
4,E,03,电流-E-S1-03.csv,294,460992
4,E,03,电流-E-S1-03.csv,295,462560
4,E,03,电流-E-S1-03.csv,296,464128
4,E,03,电流-E-S1-03.csv,297,465696
4,E,03,电流-E-S1-03.csv,298,467264
4,E,03,电流-E-S1-03.csv,299,468832
4,E,03,电流-E-S1-03.csv,300,470400
4,E,03,电流-E-S1-03.csv,301,471968
4,E,03,电流-E-S1-03.csv,302,473536
4,E,03,电流-E-S1-03.csv,303,475104
4,E,03,电流-E-S1-03.csv,304,476672
4,E,03,电流-E-S1-03.csv,305,478240
4,E,03,电流-E-S1-03.csv,306,479808
4,E,03,电流-E-S1-03.csv,307,481376
4,E,03,电流-E-S1-03.csv,308,482944
4,E,03,电流-E-S1-03.csv,309,484512
4,E,03,电流-E-S1-03.csv,310,486080
4,E,03,电流-E-S1-03.csv,311,487648
5,G,01,电流-G-S1-01.csv,0,0
5,G,01,电流-G-S1-01.csv,1,1568
5,G,01,电流-G-S1-01.csv,2,3136
5,G,01,电流-G-S1-01.csv,3,4704
5,G,01,电流-G-S1-01.csv,4,6272
5,G,01,电流-G-S1-01.csv,5,7840
5,G,01,电流-G-S1-01.csv,6,9408
5,G,01,电流-G-S1-01.csv,7,10976
5,G,01,电流-G-S1-01.csv,8,12544
5,G,01,电流-G-S1-01.csv,9,14112
5,G,01,电流-G-S1-01.csv,10,15680
5,G,01,电流-G-S1-01.csv,11,17248
5,G,01,电流-G-S1-01.csv,12,18816
5,G,01,电流-G-S1-01.csv,13,20384
5,G,01,电流-G-S1-01.csv,14,21952
5,G,01,电流-G-S1-01.csv,15,23520
5,G,01,电流-G-S1-01.csv,16,25088
5,G,01,电流-G-S1-01.csv,17,26656
5,G,01,电流-G-S1-01.csv,18,28224
5,G,01,电流-G-S1-01.csv,19,29792
5,G,01,电流-G-S1-01.csv,20,31360
5,G,01,电流-G-S1-01.csv,21,32928
5,G,01,电流-G-S1-01.csv,22,34496
5,G,01,电流-G-S1-01.csv,23,36064
5,G,01,电流-G-S1-01.csv,24,37632
5,G,01,电流-G-S1-01.csv,25,39200
5,G,01,电流-G-S1-01.csv,26,40768
5,G,01,电流-G-S1-01.csv,27,42336
5,G,01,电流-G-S1-01.csv,28,43904
5,G,01,电流-G-S1-01.csv,29,45472
5,G,01,电流-G-S1-01.csv,30,47040
5,G,01,电流-G-S1-01.csv,31,48608
5,G,01,电流-G-S1-01.csv,32,50176
5,G,01,电流-G-S1-01.csv,33,51744
5,G,01,电流-G-S1-01.csv,34,53312
5,G,01,电流-G-S1-01.csv,35,54880
5,G,01,电流-G-S1-01.csv,36,56448
5,G,01,电流-G-S1-01.csv,37,58016
5,G,01,电流-G-S1-01.csv,38,59584
5,G,01,电流-G-S1-01.csv,39,61152
5,G,01,电流-G-S1-01.csv,40,62720
5,G,01,电流-G-S1-01.csv,41,64288
5,G,01,电流-G-S1-01.csv,42,65856
5,G,01,电流-G-S1-01.csv,43,67424
5,G,01,电流-G-S1-01.csv,44,68992
5,G,01,电流-G-S1-01.csv,45,70560
5,G,01,电流-G-S1-01.csv,46,72128
5,G,01,电流-G-S1-01.csv,47,73696
5,G,01,电流-G-S1-01.csv,48,75264
5,G,01,电流-G-S1-01.csv,49,76832
5,G,01,电流-G-S1-01.csv,50,78400
5,G,01,电流-G-S1-01.csv,51,79968
5,G,01,电流-G-S1-01.csv,52,81536
5,G,01,电流-G-S1-01.csv,53,83104
5,G,01,电流-G-S1-01.csv,54,84672
5,G,01,电流-G-S1-01.csv,55,86240
5,G,01,电流-G-S1-01.csv,56,87808
5,G,01,电流-G-S1-01.csv,57,89376
5,G,01,电流-G-S1-01.csv,58,90944
5,G,01,电流-G-S1-01.csv,59,92512
5,G,01,电流-G-S1-01.csv,60,94080
5,G,01,电流-G-S1-01.csv,61,95648
5,G,01,电流-G-S1-01.csv,62,97216
5,G,01,电流-G-S1-01.csv,63,98784
5,G,01,电流-G-S1-01.csv,64,100352
5,G,01,电流-G-S1-01.csv,65,101920
5,G,01,电流-G-S1-01.csv,66,103488
5,G,01,电流-G-S1-01.csv,67,105056
5,G,01,电流-G-S1-01.csv,68,106624
5,G,01,电流-G-S1-01.csv,69,108192
5,G,01,电流-G-S1-01.csv,70,109760
5,G,01,电流-G-S1-01.csv,71,111328
5,G,01,电流-G-S1-01.csv,72,112896
5,G,01,电流-G-S1-01.csv,73,114464
5,G,01,电流-G-S1-01.csv,74,116032
5,G,01,电流-G-S1-01.csv,75,117600
5,G,01,电流-G-S1-01.csv,76,119168
5,G,01,电流-G-S1-01.csv,77,120736
5,G,01,电流-G-S1-01.csv,78,122304
5,G,01,电流-G-S1-01.csv,79,123872
5,G,01,电流-G-S1-01.csv,80,125440
5,G,01,电流-G-S1-01.csv,81,127008
5,G,01,电流-G-S1-01.csv,82,128576
5,G,01,电流-G-S1-01.csv,83,130144
5,G,01,电流-G-S1-01.csv,84,131712
5,G,01,电流-G-S1-01.csv,85,133280
5,G,01,电流-G-S1-01.csv,86,134848
5,G,01,电流-G-S1-01.csv,87,136416
5,G,01,电流-G-S1-01.csv,88,137984
5,G,01,电流-G-S1-01.csv,89,139552
5,G,01,电流-G-S1-01.csv,90,141120
5,G,01,电流-G-S1-01.csv,91,142688
5,G,01,电流-G-S1-01.csv,92,144256
5,G,01,电流-G-S1-01.csv,93,145824
5,G,01,电流-G-S1-01.csv,94,147392
5,G,01,电流-G-S1-01.csv,95,148960
5,G,01,电流-G-S1-01.csv,96,150528
5,G,01,电流-G-S1-01.csv,97,152096
5,G,01,电流-G-S1-01.csv,98,153664
5,G,01,电流-G-S1-01.csv,99,155232
5,G,01,电流-G-S1-01.csv,100,156800
5,G,01,电流-G-S1-01.csv,101,158368
5,G,01,电流-G-S1-01.csv,102,159936
5,G,01,电流-G-S1-01.csv,103,161504
5,G,01,电流-G-S1-01.csv,104,163072
5,G,01,电流-G-S1-01.csv,105,164640
5,G,01,电流-G-S1-01.csv,106,166208
5,G,01,电流-G-S1-01.csv,107,167776
5,G,01,电流-G-S1-01.csv,108,169344
5,G,01,电流-G-S1-01.csv,109,170912
5,G,01,电流-G-S1-01.csv,110,172480
5,G,01,电流-G-S1-01.csv,111,174048
5,G,01,电流-G-S1-01.csv,112,175616
5,G,01,电流-G-S1-01.csv,113,177184
5,G,01,电流-G-S1-01.csv,114,178752
5,G,01,电流-G-S1-01.csv,115,180320
5,G,01,电流-G-S1-01.csv,116,181888
5,G,01,电流-G-S1-01.csv,117,183456
5,G,01,电流-G-S1-01.csv,118,185024
5,G,01,电流-G-S1-01.csv,119,186592
5,G,01,电流-G-S1-01.csv,120,188160
5,G,01,电流-G-S1-01.csv,121,189728
5,G,01,电流-G-S1-01.csv,122,191296
5,G,01,电流-G-S1-01.csv,123,192864
5,G,01,电流-G-S1-01.csv,124,194432
5,G,01,电流-G-S1-01.csv,125,196000
5,G,01,电流-G-S1-01.csv,126,197568
5,G,01,电流-G-S1-01.csv,127,199136
5,G,01,电流-G-S1-01.csv,128,200704
5,G,01,电流-G-S1-01.csv,129,202272
5,G,01,电流-G-S1-01.csv,130,203840
5,G,01,电流-G-S1-01.csv,131,205408
5,G,01,电流-G-S1-01.csv,132,206976
5,G,01,电流-G-S1-01.csv,133,208544
5,G,01,电流-G-S1-01.csv,134,210112
5,G,01,电流-G-S1-01.csv,135,211680
5,G,01,电流-G-S1-01.csv,136,213248
5,G,01,电流-G-S1-01.csv,137,214816
5,G,01,电流-G-S1-01.csv,138,216384
5,G,01,电流-G-S1-01.csv,139,217952
5,G,01,电流-G-S1-01.csv,140,219520
5,G,01,电流-G-S1-01.csv,141,221088
5,G,01,电流-G-S1-01.csv,142,222656
5,G,01,电流-G-S1-01.csv,143,224224
5,G,01,电流-G-S1-01.csv,144,225792
5,G,01,电流-G-S1-01.csv,145,227360
5,G,01,电流-G-S1-01.csv,146,228928
5,G,01,电流-G-S1-01.csv,147,230496
5,G,01,电流-G-S1-01.csv,148,232064
5,G,01,电流-G-S1-01.csv,149,233632
5,G,01,电流-G-S1-01.csv,150,235200
5,G,01,电流-G-S1-01.csv,151,236768
5,G,01,电流-G-S1-01.csv,152,238336
5,G,01,电流-G-S1-01.csv,153,239904
5,G,01,电流-G-S1-01.csv,154,241472
5,G,01,电流-G-S1-01.csv,155,243040
5,G,01,电流-G-S1-01.csv,156,244608
5,G,01,电流-G-S1-01.csv,157,246176
5,G,01,电流-G-S1-01.csv,158,247744
5,G,01,电流-G-S1-01.csv,159,249312
5,G,01,电流-G-S1-01.csv,160,250880
5,G,01,电流-G-S1-01.csv,161,252448
5,G,01,电流-G-S1-01.csv,162,254016
5,G,01,电流-G-S1-01.csv,163,255584
5,G,01,电流-G-S1-01.csv,164,257152
5,G,01,电流-G-S1-01.csv,165,258720
5,G,01,电流-G-S1-01.csv,166,260288
5,G,01,电流-G-S1-01.csv,167,261856
5,G,01,电流-G-S1-01.csv,168,263424
5,G,01,电流-G-S1-01.csv,169,264992
5,G,01,电流-G-S1-01.csv,170,266560
5,G,01,电流-G-S1-01.csv,171,268128
5,G,01,电流-G-S1-01.csv,172,269696
5,G,01,电流-G-S1-01.csv,173,271264
5,G,01,电流-G-S1-01.csv,174,272832
5,G,01,电流-G-S1-01.csv,175,274400
5,G,01,电流-G-S1-01.csv,176,275968
5,G,01,电流-G-S1-01.csv,177,277536
5,G,01,电流-G-S1-01.csv,178,279104
5,G,01,电流-G-S1-01.csv,179,280672
5,G,01,电流-G-S1-01.csv,180,282240
5,G,01,电流-G-S1-01.csv,181,283808
5,G,01,电流-G-S1-01.csv,182,285376
5,G,01,电流-G-S1-01.csv,183,286944
5,G,01,电流-G-S1-01.csv,184,288512
5,G,01,电流-G-S1-01.csv,185,290080
5,G,01,电流-G-S1-01.csv,186,291648
5,G,01,电流-G-S1-01.csv,187,293216
5,G,01,电流-G-S1-01.csv,188,294784
5,G,01,电流-G-S1-01.csv,189,296352
5,G,01,电流-G-S1-01.csv,190,297920
5,G,01,电流-G-S1-01.csv,191,299488
5,G,01,电流-G-S1-01.csv,192,301056
5,G,01,电流-G-S1-01.csv,193,302624
5,G,01,电流-G-S1-01.csv,194,304192
5,G,01,电流-G-S1-01.csv,195,305760
5,G,01,电流-G-S1-01.csv,196,307328
5,G,01,电流-G-S1-01.csv,197,308896
5,G,01,电流-G-S1-01.csv,198,310464
5,G,01,电流-G-S1-01.csv,199,312032
5,G,01,电流-G-S1-01.csv,200,313600
5,G,01,电流-G-S1-01.csv,201,315168
5,G,01,电流-G-S1-01.csv,202,316736
5,G,01,电流-G-S1-01.csv,203,318304
5,G,01,电流-G-S1-01.csv,204,319872
5,G,01,电流-G-S1-01.csv,205,321440
5,G,01,电流-G-S1-01.csv,206,323008
5,G,01,电流-G-S1-01.csv,207,324576
5,G,01,电流-G-S1-01.csv,208,326144
5,G,01,电流-G-S1-01.csv,209,327712
5,G,01,电流-G-S1-01.csv,210,329280
5,G,01,电流-G-S1-01.csv,211,330848
5,G,01,电流-G-S1-01.csv,212,332416
5,G,01,电流-G-S1-01.csv,213,333984
5,G,01,电流-G-S1-01.csv,214,335552
5,G,01,电流-G-S1-01.csv,215,337120
5,G,01,电流-G-S1-01.csv,216,338688
5,G,01,电流-G-S1-01.csv,217,340256
5,G,01,电流-G-S1-01.csv,218,341824
5,G,01,电流-G-S1-01.csv,219,343392
5,G,01,电流-G-S1-01.csv,220,344960
5,G,01,电流-G-S1-01.csv,221,346528
5,G,01,电流-G-S1-01.csv,222,348096
5,G,01,电流-G-S1-01.csv,223,349664
5,G,01,电流-G-S1-01.csv,224,351232
5,G,01,电流-G-S1-01.csv,225,352800
5,G,01,电流-G-S1-01.csv,226,354368
5,G,01,电流-G-S1-01.csv,227,355936
5,G,01,电流-G-S1-01.csv,228,357504
5,G,01,电流-G-S1-01.csv,229,359072
5,G,01,电流-G-S1-01.csv,230,360640
5,G,01,电流-G-S1-01.csv,231,362208
5,G,01,电流-G-S1-01.csv,232,363776
5,G,01,电流-G-S1-01.csv,233,365344
5,G,01,电流-G-S1-01.csv,234,366912
5,G,01,电流-G-S1-01.csv,235,368480
5,G,01,电流-G-S1-01.csv,236,370048
5,G,01,电流-G-S1-01.csv,237,371616
5,G,01,电流-G-S1-01.csv,238,373184
5,G,01,电流-G-S1-01.csv,239,374752
5,G,01,电流-G-S1-01.csv,240,376320
5,G,01,电流-G-S1-01.csv,241,377888
5,G,01,电流-G-S1-01.csv,242,379456
5,G,01,电流-G-S1-01.csv,243,381024
5,G,01,电流-G-S1-01.csv,244,382592
5,G,01,电流-G-S1-01.csv,245,384160
5,G,01,电流-G-S1-01.csv,246,385728
5,G,01,电流-G-S1-01.csv,247,387296
5,G,01,电流-G-S1-01.csv,248,388864
5,G,01,电流-G-S1-01.csv,249,390432
5,G,01,电流-G-S1-01.csv,250,392000
5,G,01,电流-G-S1-01.csv,251,393568
5,G,01,电流-G-S1-01.csv,252,395136
5,G,01,电流-G-S1-01.csv,253,396704
5,G,01,电流-G-S1-01.csv,254,398272
5,G,01,电流-G-S1-01.csv,255,399840
5,G,01,电流-G-S1-01.csv,256,401408
5,G,01,电流-G-S1-01.csv,257,402976
5,G,01,电流-G-S1-01.csv,258,404544
5,G,01,电流-G-S1-01.csv,259,406112
5,G,01,电流-G-S1-01.csv,260,407680
5,G,01,电流-G-S1-01.csv,261,409248
5,G,01,电流-G-S1-01.csv,262,410816
5,G,01,电流-G-S1-01.csv,263,412384
5,G,01,电流-G-S1-01.csv,264,413952
5,G,01,电流-G-S1-01.csv,265,415520
5,G,01,电流-G-S1-01.csv,266,417088
5,G,01,电流-G-S1-01.csv,267,418656
5,G,01,电流-G-S1-01.csv,268,420224
5,G,01,电流-G-S1-01.csv,269,421792
5,G,01,电流-G-S1-01.csv,270,423360
5,G,01,电流-G-S1-01.csv,271,424928
5,G,01,电流-G-S1-01.csv,272,426496
5,G,01,电流-G-S1-01.csv,273,428064
5,G,01,电流-G-S1-01.csv,274,429632
5,G,01,电流-G-S1-01.csv,275,431200
5,G,01,电流-G-S1-01.csv,276,432768
5,G,01,电流-G-S1-01.csv,277,434336
5,G,01,电流-G-S1-01.csv,278,435904
5,G,01,电流-G-S1-01.csv,279,437472
5,G,01,电流-G-S1-01.csv,280,439040
5,G,01,电流-G-S1-01.csv,281,440608
5,G,01,电流-G-S1-01.csv,282,442176
5,G,01,电流-G-S1-01.csv,283,443744
5,G,01,电流-G-S1-01.csv,284,445312
5,G,01,电流-G-S1-01.csv,285,446880
5,G,01,电流-G-S1-01.csv,286,448448
5,G,01,电流-G-S1-01.csv,287,450016
5,G,01,电流-G-S1-01.csv,288,451584
5,G,01,电流-G-S1-01.csv,289,453152
5,G,01,电流-G-S1-01.csv,290,454720
5,G,01,电流-G-S1-01.csv,291,456288
5,G,01,电流-G-S1-01.csv,292,457856
5,G,01,电流-G-S1-01.csv,293,459424
5,G,01,电流-G-S1-01.csv,294,460992
5,G,01,电流-G-S1-01.csv,295,462560
5,G,01,电流-G-S1-01.csv,296,464128
5,G,01,电流-G-S1-01.csv,297,465696
5,G,01,电流-G-S1-01.csv,298,467264
5,G,01,电流-G-S1-01.csv,299,468832
5,G,01,电流-G-S1-01.csv,300,470400
5,G,01,电流-G-S1-01.csv,301,471968
5,G,01,电流-G-S1-01.csv,302,473536
5,G,01,电流-G-S1-01.csv,303,475104
5,G,01,电流-G-S1-01.csv,304,476672
5,G,01,电流-G-S1-01.csv,305,478240
5,G,01,电流-G-S1-01.csv,306,479808
5,G,01,电流-G-S1-01.csv,307,481376
5,G,01,电流-G-S1-01.csv,308,482944
5,G,01,电流-G-S1-01.csv,309,484512
5,G,01,电流-G-S1-01.csv,310,486080
5,G,01,电流-G-S1-01.csv,311,487648
5,G,03,电流-G-S1-03.csv,0,0
5,G,03,电流-G-S1-03.csv,1,1568
5,G,03,电流-G-S1-03.csv,2,3136
5,G,03,电流-G-S1-03.csv,3,4704
5,G,03,电流-G-S1-03.csv,4,6272
5,G,03,电流-G-S1-03.csv,5,7840
5,G,03,电流-G-S1-03.csv,6,9408
5,G,03,电流-G-S1-03.csv,7,10976
5,G,03,电流-G-S1-03.csv,8,12544
5,G,03,电流-G-S1-03.csv,9,14112
5,G,03,电流-G-S1-03.csv,10,15680
5,G,03,电流-G-S1-03.csv,11,17248
5,G,03,电流-G-S1-03.csv,12,18816
5,G,03,电流-G-S1-03.csv,13,20384
5,G,03,电流-G-S1-03.csv,14,21952
5,G,03,电流-G-S1-03.csv,15,23520
5,G,03,电流-G-S1-03.csv,16,25088
5,G,03,电流-G-S1-03.csv,17,26656
5,G,03,电流-G-S1-03.csv,18,28224
5,G,03,电流-G-S1-03.csv,19,29792
5,G,03,电流-G-S1-03.csv,20,31360
5,G,03,电流-G-S1-03.csv,21,32928
5,G,03,电流-G-S1-03.csv,22,34496
5,G,03,电流-G-S1-03.csv,23,36064
5,G,03,电流-G-S1-03.csv,24,37632
5,G,03,电流-G-S1-03.csv,25,39200
5,G,03,电流-G-S1-03.csv,26,40768
5,G,03,电流-G-S1-03.csv,27,42336
5,G,03,电流-G-S1-03.csv,28,43904
5,G,03,电流-G-S1-03.csv,29,45472
5,G,03,电流-G-S1-03.csv,30,47040
5,G,03,电流-G-S1-03.csv,31,48608
5,G,03,电流-G-S1-03.csv,32,50176
5,G,03,电流-G-S1-03.csv,33,51744
5,G,03,电流-G-S1-03.csv,34,53312
5,G,03,电流-G-S1-03.csv,35,54880
5,G,03,电流-G-S1-03.csv,36,56448
5,G,03,电流-G-S1-03.csv,37,58016
5,G,03,电流-G-S1-03.csv,38,59584
5,G,03,电流-G-S1-03.csv,39,61152
5,G,03,电流-G-S1-03.csv,40,62720
5,G,03,电流-G-S1-03.csv,41,64288
5,G,03,电流-G-S1-03.csv,42,65856
5,G,03,电流-G-S1-03.csv,43,67424
5,G,03,电流-G-S1-03.csv,44,68992
5,G,03,电流-G-S1-03.csv,45,70560
5,G,03,电流-G-S1-03.csv,46,72128
5,G,03,电流-G-S1-03.csv,47,73696
5,G,03,电流-G-S1-03.csv,48,75264
5,G,03,电流-G-S1-03.csv,49,76832
5,G,03,电流-G-S1-03.csv,50,78400
5,G,03,电流-G-S1-03.csv,51,79968
5,G,03,电流-G-S1-03.csv,52,81536
5,G,03,电流-G-S1-03.csv,53,83104
5,G,03,电流-G-S1-03.csv,54,84672
5,G,03,电流-G-S1-03.csv,55,86240
5,G,03,电流-G-S1-03.csv,56,87808
5,G,03,电流-G-S1-03.csv,57,89376
5,G,03,电流-G-S1-03.csv,58,90944
5,G,03,电流-G-S1-03.csv,59,92512
5,G,03,电流-G-S1-03.csv,60,94080
5,G,03,电流-G-S1-03.csv,61,95648
5,G,03,电流-G-S1-03.csv,62,97216
5,G,03,电流-G-S1-03.csv,63,98784
5,G,03,电流-G-S1-03.csv,64,100352
5,G,03,电流-G-S1-03.csv,65,101920
5,G,03,电流-G-S1-03.csv,66,103488
5,G,03,电流-G-S1-03.csv,67,105056
5,G,03,电流-G-S1-03.csv,68,106624
5,G,03,电流-G-S1-03.csv,69,108192
5,G,03,电流-G-S1-03.csv,70,109760
5,G,03,电流-G-S1-03.csv,71,111328
5,G,03,电流-G-S1-03.csv,72,112896
5,G,03,电流-G-S1-03.csv,73,114464
5,G,03,电流-G-S1-03.csv,74,116032
5,G,03,电流-G-S1-03.csv,75,117600
5,G,03,电流-G-S1-03.csv,76,119168
5,G,03,电流-G-S1-03.csv,77,120736
5,G,03,电流-G-S1-03.csv,78,122304
5,G,03,电流-G-S1-03.csv,79,123872
5,G,03,电流-G-S1-03.csv,80,125440
5,G,03,电流-G-S1-03.csv,81,127008
5,G,03,电流-G-S1-03.csv,82,128576
5,G,03,电流-G-S1-03.csv,83,130144
5,G,03,电流-G-S1-03.csv,84,131712
5,G,03,电流-G-S1-03.csv,85,133280
5,G,03,电流-G-S1-03.csv,86,134848
5,G,03,电流-G-S1-03.csv,87,136416
5,G,03,电流-G-S1-03.csv,88,137984
5,G,03,电流-G-S1-03.csv,89,139552
5,G,03,电流-G-S1-03.csv,90,141120
5,G,03,电流-G-S1-03.csv,91,142688
5,G,03,电流-G-S1-03.csv,92,144256
5,G,03,电流-G-S1-03.csv,93,145824
5,G,03,电流-G-S1-03.csv,94,147392
5,G,03,电流-G-S1-03.csv,95,148960
5,G,03,电流-G-S1-03.csv,96,150528
5,G,03,电流-G-S1-03.csv,97,152096
5,G,03,电流-G-S1-03.csv,98,153664
5,G,03,电流-G-S1-03.csv,99,155232
5,G,03,电流-G-S1-03.csv,100,156800
5,G,03,电流-G-S1-03.csv,101,158368
5,G,03,电流-G-S1-03.csv,102,159936
5,G,03,电流-G-S1-03.csv,103,161504
5,G,03,电流-G-S1-03.csv,104,163072
5,G,03,电流-G-S1-03.csv,105,164640
5,G,03,电流-G-S1-03.csv,106,166208
5,G,03,电流-G-S1-03.csv,107,167776
5,G,03,电流-G-S1-03.csv,108,169344
5,G,03,电流-G-S1-03.csv,109,170912
5,G,03,电流-G-S1-03.csv,110,172480
5,G,03,电流-G-S1-03.csv,111,174048
5,G,03,电流-G-S1-03.csv,112,175616
5,G,03,电流-G-S1-03.csv,113,177184
5,G,03,电流-G-S1-03.csv,114,178752
5,G,03,电流-G-S1-03.csv,115,180320
5,G,03,电流-G-S1-03.csv,116,181888
5,G,03,电流-G-S1-03.csv,117,183456
5,G,03,电流-G-S1-03.csv,118,185024
5,G,03,电流-G-S1-03.csv,119,186592
5,G,03,电流-G-S1-03.csv,120,188160
5,G,03,电流-G-S1-03.csv,121,189728
5,G,03,电流-G-S1-03.csv,122,191296
5,G,03,电流-G-S1-03.csv,123,192864
5,G,03,电流-G-S1-03.csv,124,194432
5,G,03,电流-G-S1-03.csv,125,196000
5,G,03,电流-G-S1-03.csv,126,197568
5,G,03,电流-G-S1-03.csv,127,199136
5,G,03,电流-G-S1-03.csv,128,200704
5,G,03,电流-G-S1-03.csv,129,202272
5,G,03,电流-G-S1-03.csv,130,203840
5,G,03,电流-G-S1-03.csv,131,205408
5,G,03,电流-G-S1-03.csv,132,206976
5,G,03,电流-G-S1-03.csv,133,208544
5,G,03,电流-G-S1-03.csv,134,210112
5,G,03,电流-G-S1-03.csv,135,211680
5,G,03,电流-G-S1-03.csv,136,213248
5,G,03,电流-G-S1-03.csv,137,214816
5,G,03,电流-G-S1-03.csv,138,216384
5,G,03,电流-G-S1-03.csv,139,217952
5,G,03,电流-G-S1-03.csv,140,219520
5,G,03,电流-G-S1-03.csv,141,221088
5,G,03,电流-G-S1-03.csv,142,222656
5,G,03,电流-G-S1-03.csv,143,224224
5,G,03,电流-G-S1-03.csv,144,225792
5,G,03,电流-G-S1-03.csv,145,227360
5,G,03,电流-G-S1-03.csv,146,228928
5,G,03,电流-G-S1-03.csv,147,230496
5,G,03,电流-G-S1-03.csv,148,232064
5,G,03,电流-G-S1-03.csv,149,233632
5,G,03,电流-G-S1-03.csv,150,235200
5,G,03,电流-G-S1-03.csv,151,236768
5,G,03,电流-G-S1-03.csv,152,238336
5,G,03,电流-G-S1-03.csv,153,239904
5,G,03,电流-G-S1-03.csv,154,241472
5,G,03,电流-G-S1-03.csv,155,243040
5,G,03,电流-G-S1-03.csv,156,244608
5,G,03,电流-G-S1-03.csv,157,246176
5,G,03,电流-G-S1-03.csv,158,247744
5,G,03,电流-G-S1-03.csv,159,249312
5,G,03,电流-G-S1-03.csv,160,250880
5,G,03,电流-G-S1-03.csv,161,252448
5,G,03,电流-G-S1-03.csv,162,254016
5,G,03,电流-G-S1-03.csv,163,255584
5,G,03,电流-G-S1-03.csv,164,257152
5,G,03,电流-G-S1-03.csv,165,258720
5,G,03,电流-G-S1-03.csv,166,260288
5,G,03,电流-G-S1-03.csv,167,261856
5,G,03,电流-G-S1-03.csv,168,263424
5,G,03,电流-G-S1-03.csv,169,264992
5,G,03,电流-G-S1-03.csv,170,266560
5,G,03,电流-G-S1-03.csv,171,268128
5,G,03,电流-G-S1-03.csv,172,269696
5,G,03,电流-G-S1-03.csv,173,271264
5,G,03,电流-G-S1-03.csv,174,272832
5,G,03,电流-G-S1-03.csv,175,274400
5,G,03,电流-G-S1-03.csv,176,275968
5,G,03,电流-G-S1-03.csv,177,277536
5,G,03,电流-G-S1-03.csv,178,279104
5,G,03,电流-G-S1-03.csv,179,280672
5,G,03,电流-G-S1-03.csv,180,282240
5,G,03,电流-G-S1-03.csv,181,283808
5,G,03,电流-G-S1-03.csv,182,285376
5,G,03,电流-G-S1-03.csv,183,286944
5,G,03,电流-G-S1-03.csv,184,288512
5,G,03,电流-G-S1-03.csv,185,290080
5,G,03,电流-G-S1-03.csv,186,291648
5,G,03,电流-G-S1-03.csv,187,293216
5,G,03,电流-G-S1-03.csv,188,294784
5,G,03,电流-G-S1-03.csv,189,296352
5,G,03,电流-G-S1-03.csv,190,297920
5,G,03,电流-G-S1-03.csv,191,299488
5,G,03,电流-G-S1-03.csv,192,301056
5,G,03,电流-G-S1-03.csv,193,302624
5,G,03,电流-G-S1-03.csv,194,304192
5,G,03,电流-G-S1-03.csv,195,305760
5,G,03,电流-G-S1-03.csv,196,307328
5,G,03,电流-G-S1-03.csv,197,308896
5,G,03,电流-G-S1-03.csv,198,310464
5,G,03,电流-G-S1-03.csv,199,312032
5,G,03,电流-G-S1-03.csv,200,313600
5,G,03,电流-G-S1-03.csv,201,315168
5,G,03,电流-G-S1-03.csv,202,316736
5,G,03,电流-G-S1-03.csv,203,318304
5,G,03,电流-G-S1-03.csv,204,319872
5,G,03,电流-G-S1-03.csv,205,321440
5,G,03,电流-G-S1-03.csv,206,323008
5,G,03,电流-G-S1-03.csv,207,324576
5,G,03,电流-G-S1-03.csv,208,326144
5,G,03,电流-G-S1-03.csv,209,327712
5,G,03,电流-G-S1-03.csv,210,329280
5,G,03,电流-G-S1-03.csv,211,330848
5,G,03,电流-G-S1-03.csv,212,332416
5,G,03,电流-G-S1-03.csv,213,333984
5,G,03,电流-G-S1-03.csv,214,335552
5,G,03,电流-G-S1-03.csv,215,337120
5,G,03,电流-G-S1-03.csv,216,338688
5,G,03,电流-G-S1-03.csv,217,340256
5,G,03,电流-G-S1-03.csv,218,341824
5,G,03,电流-G-S1-03.csv,219,343392
5,G,03,电流-G-S1-03.csv,220,344960
5,G,03,电流-G-S1-03.csv,221,346528
5,G,03,电流-G-S1-03.csv,222,348096
5,G,03,电流-G-S1-03.csv,223,349664
5,G,03,电流-G-S1-03.csv,224,351232
5,G,03,电流-G-S1-03.csv,225,352800
5,G,03,电流-G-S1-03.csv,226,354368
5,G,03,电流-G-S1-03.csv,227,355936
5,G,03,电流-G-S1-03.csv,228,357504
5,G,03,电流-G-S1-03.csv,229,359072
5,G,03,电流-G-S1-03.csv,230,360640
5,G,03,电流-G-S1-03.csv,231,362208
5,G,03,电流-G-S1-03.csv,232,363776
5,G,03,电流-G-S1-03.csv,233,365344
5,G,03,电流-G-S1-03.csv,234,366912
5,G,03,电流-G-S1-03.csv,235,368480
5,G,03,电流-G-S1-03.csv,236,370048
5,G,03,电流-G-S1-03.csv,237,371616
5,G,03,电流-G-S1-03.csv,238,373184
5,G,03,电流-G-S1-03.csv,239,374752
5,G,03,电流-G-S1-03.csv,240,376320
5,G,03,电流-G-S1-03.csv,241,377888
5,G,03,电流-G-S1-03.csv,242,379456
5,G,03,电流-G-S1-03.csv,243,381024
5,G,03,电流-G-S1-03.csv,244,382592
5,G,03,电流-G-S1-03.csv,245,384160
5,G,03,电流-G-S1-03.csv,246,385728
5,G,03,电流-G-S1-03.csv,247,387296
5,G,03,电流-G-S1-03.csv,248,388864
5,G,03,电流-G-S1-03.csv,249,390432
5,G,03,电流-G-S1-03.csv,250,392000
5,G,03,电流-G-S1-03.csv,251,393568
5,G,03,电流-G-S1-03.csv,252,395136
5,G,03,电流-G-S1-03.csv,253,396704
5,G,03,电流-G-S1-03.csv,254,398272
5,G,03,电流-G-S1-03.csv,255,399840
5,G,03,电流-G-S1-03.csv,256,401408
5,G,03,电流-G-S1-03.csv,257,402976
5,G,03,电流-G-S1-03.csv,258,404544
5,G,03,电流-G-S1-03.csv,259,406112
5,G,03,电流-G-S1-03.csv,260,407680
5,G,03,电流-G-S1-03.csv,261,409248
5,G,03,电流-G-S1-03.csv,262,410816
5,G,03,电流-G-S1-03.csv,263,412384
5,G,03,电流-G-S1-03.csv,264,413952
5,G,03,电流-G-S1-03.csv,265,415520
5,G,03,电流-G-S1-03.csv,266,417088
5,G,03,电流-G-S1-03.csv,267,418656
5,G,03,电流-G-S1-03.csv,268,420224
5,G,03,电流-G-S1-03.csv,269,421792
5,G,03,电流-G-S1-03.csv,270,423360
5,G,03,电流-G-S1-03.csv,271,424928
5,G,03,电流-G-S1-03.csv,272,426496
5,G,03,电流-G-S1-03.csv,273,428064
5,G,03,电流-G-S1-03.csv,274,429632
5,G,03,电流-G-S1-03.csv,275,431200
5,G,03,电流-G-S1-03.csv,276,432768
5,G,03,电流-G-S1-03.csv,277,434336
5,G,03,电流-G-S1-03.csv,278,435904
5,G,03,电流-G-S1-03.csv,279,437472
5,G,03,电流-G-S1-03.csv,280,439040
5,G,03,电流-G-S1-03.csv,281,440608
5,G,03,电流-G-S1-03.csv,282,442176
5,G,03,电流-G-S1-03.csv,283,443744
5,G,03,电流-G-S1-03.csv,284,445312
5,G,03,电流-G-S1-03.csv,285,446880
5,G,03,电流-G-S1-03.csv,286,448448
5,G,03,电流-G-S1-03.csv,287,450016
5,G,03,电流-G-S1-03.csv,288,451584
5,G,03,电流-G-S1-03.csv,289,453152
5,G,03,电流-G-S1-03.csv,290,454720
5,G,03,电流-G-S1-03.csv,291,456288
5,G,03,电流-G-S1-03.csv,292,457856
5,G,03,电流-G-S1-03.csv,293,459424
5,G,03,电流-G-S1-03.csv,294,460992
5,G,03,电流-G-S1-03.csv,295,462560
5,G,03,电流-G-S1-03.csv,296,464128
5,G,03,电流-G-S1-03.csv,297,465696
5,G,03,电流-G-S1-03.csv,298,467264
5,G,03,电流-G-S1-03.csv,299,468832
5,G,03,电流-G-S1-03.csv,300,470400
5,G,03,电流-G-S1-03.csv,301,471968
5,G,03,电流-G-S1-03.csv,302,473536
5,G,03,电流-G-S1-03.csv,303,475104
5,G,03,电流-G-S1-03.csv,304,476672
5,G,03,电流-G-S1-03.csv,305,478240
5,G,03,电流-G-S1-03.csv,306,479808
5,G,03,电流-G-S1-03.csv,307,481376
5,G,03,电流-G-S1-03.csv,308,482944
5,G,03,电流-G-S1-03.csv,309,484512
5,G,03,电流-G-S1-03.csv,310,486080
5,G,03,电流-G-S1-03.csv,311,487648
6,H,01,电流-H-S1-01.csv,0,0
6,H,01,电流-H-S1-01.csv,1,1568
6,H,01,电流-H-S1-01.csv,2,3136
6,H,01,电流-H-S1-01.csv,3,4704
6,H,01,电流-H-S1-01.csv,4,6272
6,H,01,电流-H-S1-01.csv,5,7840
6,H,01,电流-H-S1-01.csv,6,9408
6,H,01,电流-H-S1-01.csv,7,10976
6,H,01,电流-H-S1-01.csv,8,12544
6,H,01,电流-H-S1-01.csv,9,14112
6,H,01,电流-H-S1-01.csv,10,15680
6,H,01,电流-H-S1-01.csv,11,17248
6,H,01,电流-H-S1-01.csv,12,18816
6,H,01,电流-H-S1-01.csv,13,20384
6,H,01,电流-H-S1-01.csv,14,21952
6,H,01,电流-H-S1-01.csv,15,23520
6,H,01,电流-H-S1-01.csv,16,25088
6,H,01,电流-H-S1-01.csv,17,26656
6,H,01,电流-H-S1-01.csv,18,28224
6,H,01,电流-H-S1-01.csv,19,29792
6,H,01,电流-H-S1-01.csv,20,31360
6,H,01,电流-H-S1-01.csv,21,32928
6,H,01,电流-H-S1-01.csv,22,34496
6,H,01,电流-H-S1-01.csv,23,36064
6,H,01,电流-H-S1-01.csv,24,37632
6,H,01,电流-H-S1-01.csv,25,39200
6,H,01,电流-H-S1-01.csv,26,40768
6,H,01,电流-H-S1-01.csv,27,42336
6,H,01,电流-H-S1-01.csv,28,43904
6,H,01,电流-H-S1-01.csv,29,45472
6,H,01,电流-H-S1-01.csv,30,47040
6,H,01,电流-H-S1-01.csv,31,48608
6,H,01,电流-H-S1-01.csv,32,50176
6,H,01,电流-H-S1-01.csv,33,51744
6,H,01,电流-H-S1-01.csv,34,53312
6,H,01,电流-H-S1-01.csv,35,54880
6,H,01,电流-H-S1-01.csv,36,56448
6,H,01,电流-H-S1-01.csv,37,58016
6,H,01,电流-H-S1-01.csv,38,59584
6,H,01,电流-H-S1-01.csv,39,61152
6,H,01,电流-H-S1-01.csv,40,62720
6,H,01,电流-H-S1-01.csv,41,64288
6,H,01,电流-H-S1-01.csv,42,65856
6,H,01,电流-H-S1-01.csv,43,67424
6,H,01,电流-H-S1-01.csv,44,68992
6,H,01,电流-H-S1-01.csv,45,70560
6,H,01,电流-H-S1-01.csv,46,72128
6,H,01,电流-H-S1-01.csv,47,73696
6,H,01,电流-H-S1-01.csv,48,75264
6,H,01,电流-H-S1-01.csv,49,76832
6,H,01,电流-H-S1-01.csv,50,78400
6,H,01,电流-H-S1-01.csv,51,79968
6,H,01,电流-H-S1-01.csv,52,81536
6,H,01,电流-H-S1-01.csv,53,83104
6,H,01,电流-H-S1-01.csv,54,84672
6,H,01,电流-H-S1-01.csv,55,86240
6,H,01,电流-H-S1-01.csv,56,87808
6,H,01,电流-H-S1-01.csv,57,89376
6,H,01,电流-H-S1-01.csv,58,90944
6,H,01,电流-H-S1-01.csv,59,92512
6,H,01,电流-H-S1-01.csv,60,94080
6,H,01,电流-H-S1-01.csv,61,95648
6,H,01,电流-H-S1-01.csv,62,97216
6,H,01,电流-H-S1-01.csv,63,98784
6,H,01,电流-H-S1-01.csv,64,100352
6,H,01,电流-H-S1-01.csv,65,101920
6,H,01,电流-H-S1-01.csv,66,103488
6,H,01,电流-H-S1-01.csv,67,105056
6,H,01,电流-H-S1-01.csv,68,106624
6,H,01,电流-H-S1-01.csv,69,108192
6,H,01,电流-H-S1-01.csv,70,109760
6,H,01,电流-H-S1-01.csv,71,111328
6,H,01,电流-H-S1-01.csv,72,112896
6,H,01,电流-H-S1-01.csv,73,114464
6,H,01,电流-H-S1-01.csv,74,116032
6,H,01,电流-H-S1-01.csv,75,117600
6,H,01,电流-H-S1-01.csv,76,119168
6,H,01,电流-H-S1-01.csv,77,120736
6,H,01,电流-H-S1-01.csv,78,122304
6,H,01,电流-H-S1-01.csv,79,123872
6,H,01,电流-H-S1-01.csv,80,125440
6,H,01,电流-H-S1-01.csv,81,127008
6,H,01,电流-H-S1-01.csv,82,128576
6,H,01,电流-H-S1-01.csv,83,130144
6,H,01,电流-H-S1-01.csv,84,131712
6,H,01,电流-H-S1-01.csv,85,133280
6,H,01,电流-H-S1-01.csv,86,134848
6,H,01,电流-H-S1-01.csv,87,136416
6,H,01,电流-H-S1-01.csv,88,137984
6,H,01,电流-H-S1-01.csv,89,139552
6,H,01,电流-H-S1-01.csv,90,141120
6,H,01,电流-H-S1-01.csv,91,142688
6,H,01,电流-H-S1-01.csv,92,144256
6,H,01,电流-H-S1-01.csv,93,145824
6,H,01,电流-H-S1-01.csv,94,147392
6,H,01,电流-H-S1-01.csv,95,148960
6,H,01,电流-H-S1-01.csv,96,150528
6,H,01,电流-H-S1-01.csv,97,152096
6,H,01,电流-H-S1-01.csv,98,153664
6,H,01,电流-H-S1-01.csv,99,155232
6,H,01,电流-H-S1-01.csv,100,156800
6,H,01,电流-H-S1-01.csv,101,158368
6,H,01,电流-H-S1-01.csv,102,159936
6,H,01,电流-H-S1-01.csv,103,161504
6,H,01,电流-H-S1-01.csv,104,163072
6,H,01,电流-H-S1-01.csv,105,164640
6,H,01,电流-H-S1-01.csv,106,166208
6,H,01,电流-H-S1-01.csv,107,167776
6,H,01,电流-H-S1-01.csv,108,169344
6,H,01,电流-H-S1-01.csv,109,170912
6,H,01,电流-H-S1-01.csv,110,172480
6,H,01,电流-H-S1-01.csv,111,174048
6,H,01,电流-H-S1-01.csv,112,175616
6,H,01,电流-H-S1-01.csv,113,177184
6,H,01,电流-H-S1-01.csv,114,178752
6,H,01,电流-H-S1-01.csv,115,180320
6,H,01,电流-H-S1-01.csv,116,181888
6,H,01,电流-H-S1-01.csv,117,183456
6,H,01,电流-H-S1-01.csv,118,185024
6,H,01,电流-H-S1-01.csv,119,186592
6,H,01,电流-H-S1-01.csv,120,188160
6,H,01,电流-H-S1-01.csv,121,189728
6,H,01,电流-H-S1-01.csv,122,191296
6,H,01,电流-H-S1-01.csv,123,192864
6,H,01,电流-H-S1-01.csv,124,194432
6,H,01,电流-H-S1-01.csv,125,196000
6,H,01,电流-H-S1-01.csv,126,197568
6,H,01,电流-H-S1-01.csv,127,199136
6,H,01,电流-H-S1-01.csv,128,200704
6,H,01,电流-H-S1-01.csv,129,202272
6,H,01,电流-H-S1-01.csv,130,203840
6,H,01,电流-H-S1-01.csv,131,205408
6,H,01,电流-H-S1-01.csv,132,206976
6,H,01,电流-H-S1-01.csv,133,208544
6,H,01,电流-H-S1-01.csv,134,210112
6,H,01,电流-H-S1-01.csv,135,211680
6,H,01,电流-H-S1-01.csv,136,213248
6,H,01,电流-H-S1-01.csv,137,214816
6,H,01,电流-H-S1-01.csv,138,216384
6,H,01,电流-H-S1-01.csv,139,217952
6,H,01,电流-H-S1-01.csv,140,219520
6,H,01,电流-H-S1-01.csv,141,221088
6,H,01,电流-H-S1-01.csv,142,222656
6,H,01,电流-H-S1-01.csv,143,224224
6,H,01,电流-H-S1-01.csv,144,225792
6,H,01,电流-H-S1-01.csv,145,227360
6,H,01,电流-H-S1-01.csv,146,228928
6,H,01,电流-H-S1-01.csv,147,230496
6,H,01,电流-H-S1-01.csv,148,232064
6,H,01,电流-H-S1-01.csv,149,233632
6,H,01,电流-H-S1-01.csv,150,235200
6,H,01,电流-H-S1-01.csv,151,236768
6,H,01,电流-H-S1-01.csv,152,238336
6,H,01,电流-H-S1-01.csv,153,239904
6,H,01,电流-H-S1-01.csv,154,241472
6,H,01,电流-H-S1-01.csv,155,243040
6,H,01,电流-H-S1-01.csv,156,244608
6,H,01,电流-H-S1-01.csv,157,246176
6,H,01,电流-H-S1-01.csv,158,247744
6,H,01,电流-H-S1-01.csv,159,249312
6,H,01,电流-H-S1-01.csv,160,250880
6,H,01,电流-H-S1-01.csv,161,252448
6,H,01,电流-H-S1-01.csv,162,254016
6,H,01,电流-H-S1-01.csv,163,255584
6,H,01,电流-H-S1-01.csv,164,257152
6,H,01,电流-H-S1-01.csv,165,258720
6,H,01,电流-H-S1-01.csv,166,260288
6,H,01,电流-H-S1-01.csv,167,261856
6,H,01,电流-H-S1-01.csv,168,263424
6,H,01,电流-H-S1-01.csv,169,264992
6,H,01,电流-H-S1-01.csv,170,266560
6,H,01,电流-H-S1-01.csv,171,268128
6,H,01,电流-H-S1-01.csv,172,269696
6,H,01,电流-H-S1-01.csv,173,271264
6,H,01,电流-H-S1-01.csv,174,272832
6,H,01,电流-H-S1-01.csv,175,274400
6,H,01,电流-H-S1-01.csv,176,275968
6,H,01,电流-H-S1-01.csv,177,277536
6,H,01,电流-H-S1-01.csv,178,279104
6,H,01,电流-H-S1-01.csv,179,280672
6,H,01,电流-H-S1-01.csv,180,282240
6,H,01,电流-H-S1-01.csv,181,283808
6,H,01,电流-H-S1-01.csv,182,285376
6,H,01,电流-H-S1-01.csv,183,286944
6,H,01,电流-H-S1-01.csv,184,288512
6,H,01,电流-H-S1-01.csv,185,290080
6,H,01,电流-H-S1-01.csv,186,291648
6,H,01,电流-H-S1-01.csv,187,293216
6,H,01,电流-H-S1-01.csv,188,294784
6,H,01,电流-H-S1-01.csv,189,296352
6,H,01,电流-H-S1-01.csv,190,297920
6,H,01,电流-H-S1-01.csv,191,299488
6,H,01,电流-H-S1-01.csv,192,301056
6,H,01,电流-H-S1-01.csv,193,302624
6,H,01,电流-H-S1-01.csv,194,304192
6,H,01,电流-H-S1-01.csv,195,305760
6,H,01,电流-H-S1-01.csv,196,307328
6,H,01,电流-H-S1-01.csv,197,308896
6,H,01,电流-H-S1-01.csv,198,310464
6,H,01,电流-H-S1-01.csv,199,312032
6,H,01,电流-H-S1-01.csv,200,313600
6,H,01,电流-H-S1-01.csv,201,315168
6,H,01,电流-H-S1-01.csv,202,316736
6,H,01,电流-H-S1-01.csv,203,318304
6,H,01,电流-H-S1-01.csv,204,319872
6,H,01,电流-H-S1-01.csv,205,321440
6,H,01,电流-H-S1-01.csv,206,323008
6,H,01,电流-H-S1-01.csv,207,324576
6,H,01,电流-H-S1-01.csv,208,326144
6,H,01,电流-H-S1-01.csv,209,327712
6,H,01,电流-H-S1-01.csv,210,329280
6,H,01,电流-H-S1-01.csv,211,330848
6,H,01,电流-H-S1-01.csv,212,332416
6,H,01,电流-H-S1-01.csv,213,333984
6,H,01,电流-H-S1-01.csv,214,335552
6,H,01,电流-H-S1-01.csv,215,337120
6,H,01,电流-H-S1-01.csv,216,338688
6,H,01,电流-H-S1-01.csv,217,340256
6,H,01,电流-H-S1-01.csv,218,341824
6,H,01,电流-H-S1-01.csv,219,343392
6,H,01,电流-H-S1-01.csv,220,344960
6,H,01,电流-H-S1-01.csv,221,346528
6,H,01,电流-H-S1-01.csv,222,348096
6,H,01,电流-H-S1-01.csv,223,349664
6,H,01,电流-H-S1-01.csv,224,351232
6,H,01,电流-H-S1-01.csv,225,352800
6,H,01,电流-H-S1-01.csv,226,354368
6,H,01,电流-H-S1-01.csv,227,355936
6,H,01,电流-H-S1-01.csv,228,357504
6,H,01,电流-H-S1-01.csv,229,359072
6,H,01,电流-H-S1-01.csv,230,360640
6,H,01,电流-H-S1-01.csv,231,362208
6,H,01,电流-H-S1-01.csv,232,363776
6,H,01,电流-H-S1-01.csv,233,365344
6,H,01,电流-H-S1-01.csv,234,366912
6,H,01,电流-H-S1-01.csv,235,368480
6,H,01,电流-H-S1-01.csv,236,370048
6,H,01,电流-H-S1-01.csv,237,371616
6,H,01,电流-H-S1-01.csv,238,373184
6,H,01,电流-H-S1-01.csv,239,374752
6,H,01,电流-H-S1-01.csv,240,376320
6,H,01,电流-H-S1-01.csv,241,377888
6,H,01,电流-H-S1-01.csv,242,379456
6,H,01,电流-H-S1-01.csv,243,381024
6,H,01,电流-H-S1-01.csv,244,382592
6,H,01,电流-H-S1-01.csv,245,384160
6,H,01,电流-H-S1-01.csv,246,385728
6,H,01,电流-H-S1-01.csv,247,387296
6,H,01,电流-H-S1-01.csv,248,388864
6,H,01,电流-H-S1-01.csv,249,390432
6,H,01,电流-H-S1-01.csv,250,392000
6,H,01,电流-H-S1-01.csv,251,393568
6,H,01,电流-H-S1-01.csv,252,395136
6,H,01,电流-H-S1-01.csv,253,396704
6,H,01,电流-H-S1-01.csv,254,398272
6,H,01,电流-H-S1-01.csv,255,399840
6,H,01,电流-H-S1-01.csv,256,401408
6,H,01,电流-H-S1-01.csv,257,402976
6,H,01,电流-H-S1-01.csv,258,404544
6,H,01,电流-H-S1-01.csv,259,406112
6,H,01,电流-H-S1-01.csv,260,407680
6,H,01,电流-H-S1-01.csv,261,409248
6,H,01,电流-H-S1-01.csv,262,410816
6,H,01,电流-H-S1-01.csv,263,412384
6,H,01,电流-H-S1-01.csv,264,413952
6,H,01,电流-H-S1-01.csv,265,415520
6,H,01,电流-H-S1-01.csv,266,417088
6,H,01,电流-H-S1-01.csv,267,418656
6,H,01,电流-H-S1-01.csv,268,420224
6,H,01,电流-H-S1-01.csv,269,421792
6,H,01,电流-H-S1-01.csv,270,423360
6,H,01,电流-H-S1-01.csv,271,424928
6,H,01,电流-H-S1-01.csv,272,426496
6,H,01,电流-H-S1-01.csv,273,428064
6,H,01,电流-H-S1-01.csv,274,429632
6,H,01,电流-H-S1-01.csv,275,431200
6,H,01,电流-H-S1-01.csv,276,432768
6,H,01,电流-H-S1-01.csv,277,434336
6,H,01,电流-H-S1-01.csv,278,435904
6,H,01,电流-H-S1-01.csv,279,437472
6,H,01,电流-H-S1-01.csv,280,439040
6,H,01,电流-H-S1-01.csv,281,440608
6,H,01,电流-H-S1-01.csv,282,442176
6,H,01,电流-H-S1-01.csv,283,443744
6,H,01,电流-H-S1-01.csv,284,445312
6,H,01,电流-H-S1-01.csv,285,446880
6,H,01,电流-H-S1-01.csv,286,448448
6,H,01,电流-H-S1-01.csv,287,450016
6,H,01,电流-H-S1-01.csv,288,451584
6,H,01,电流-H-S1-01.csv,289,453152
6,H,01,电流-H-S1-01.csv,290,454720
6,H,01,电流-H-S1-01.csv,291,456288
6,H,01,电流-H-S1-01.csv,292,457856
6,H,01,电流-H-S1-01.csv,293,459424
6,H,01,电流-H-S1-01.csv,294,460992
6,H,01,电流-H-S1-01.csv,295,462560
6,H,01,电流-H-S1-01.csv,296,464128
6,H,01,电流-H-S1-01.csv,297,465696
6,H,01,电流-H-S1-01.csv,298,467264
6,H,01,电流-H-S1-01.csv,299,468832
6,H,01,电流-H-S1-01.csv,300,470400
6,H,01,电流-H-S1-01.csv,301,471968
6,H,01,电流-H-S1-01.csv,302,473536
6,H,01,电流-H-S1-01.csv,303,475104
6,H,01,电流-H-S1-01.csv,304,476672
6,H,01,电流-H-S1-01.csv,305,478240
6,H,01,电流-H-S1-01.csv,306,479808
6,H,01,电流-H-S1-01.csv,307,481376
6,H,01,电流-H-S1-01.csv,308,482944
6,H,01,电流-H-S1-01.csv,309,484512
6,H,01,电流-H-S1-01.csv,310,486080
6,H,01,电流-H-S1-01.csv,311,487648
6,H,03,电流-H-S1-03.csv,0,0
6,H,03,电流-H-S1-03.csv,1,1568
6,H,03,电流-H-S1-03.csv,2,3136
6,H,03,电流-H-S1-03.csv,3,4704
6,H,03,电流-H-S1-03.csv,4,6272
6,H,03,电流-H-S1-03.csv,5,7840
6,H,03,电流-H-S1-03.csv,6,9408
6,H,03,电流-H-S1-03.csv,7,10976
6,H,03,电流-H-S1-03.csv,8,12544
6,H,03,电流-H-S1-03.csv,9,14112
6,H,03,电流-H-S1-03.csv,10,15680
6,H,03,电流-H-S1-03.csv,11,17248
6,H,03,电流-H-S1-03.csv,12,18816
6,H,03,电流-H-S1-03.csv,13,20384
6,H,03,电流-H-S1-03.csv,14,21952
6,H,03,电流-H-S1-03.csv,15,23520
6,H,03,电流-H-S1-03.csv,16,25088
6,H,03,电流-H-S1-03.csv,17,26656
6,H,03,电流-H-S1-03.csv,18,28224
6,H,03,电流-H-S1-03.csv,19,29792
6,H,03,电流-H-S1-03.csv,20,31360
6,H,03,电流-H-S1-03.csv,21,32928
6,H,03,电流-H-S1-03.csv,22,34496
6,H,03,电流-H-S1-03.csv,23,36064
6,H,03,电流-H-S1-03.csv,24,37632
6,H,03,电流-H-S1-03.csv,25,39200
6,H,03,电流-H-S1-03.csv,26,40768
6,H,03,电流-H-S1-03.csv,27,42336
6,H,03,电流-H-S1-03.csv,28,43904
6,H,03,电流-H-S1-03.csv,29,45472
6,H,03,电流-H-S1-03.csv,30,47040
6,H,03,电流-H-S1-03.csv,31,48608
6,H,03,电流-H-S1-03.csv,32,50176
6,H,03,电流-H-S1-03.csv,33,51744
6,H,03,电流-H-S1-03.csv,34,53312
6,H,03,电流-H-S1-03.csv,35,54880
6,H,03,电流-H-S1-03.csv,36,56448
6,H,03,电流-H-S1-03.csv,37,58016
6,H,03,电流-H-S1-03.csv,38,59584
6,H,03,电流-H-S1-03.csv,39,61152
6,H,03,电流-H-S1-03.csv,40,62720
6,H,03,电流-H-S1-03.csv,41,64288
6,H,03,电流-H-S1-03.csv,42,65856
6,H,03,电流-H-S1-03.csv,43,67424
6,H,03,电流-H-S1-03.csv,44,68992
6,H,03,电流-H-S1-03.csv,45,70560
6,H,03,电流-H-S1-03.csv,46,72128
6,H,03,电流-H-S1-03.csv,47,73696
6,H,03,电流-H-S1-03.csv,48,75264
6,H,03,电流-H-S1-03.csv,49,76832
6,H,03,电流-H-S1-03.csv,50,78400
6,H,03,电流-H-S1-03.csv,51,79968
6,H,03,电流-H-S1-03.csv,52,81536
6,H,03,电流-H-S1-03.csv,53,83104
6,H,03,电流-H-S1-03.csv,54,84672
6,H,03,电流-H-S1-03.csv,55,86240
6,H,03,电流-H-S1-03.csv,56,87808
6,H,03,电流-H-S1-03.csv,57,89376
6,H,03,电流-H-S1-03.csv,58,90944
6,H,03,电流-H-S1-03.csv,59,92512
6,H,03,电流-H-S1-03.csv,60,94080
6,H,03,电流-H-S1-03.csv,61,95648
6,H,03,电流-H-S1-03.csv,62,97216
6,H,03,电流-H-S1-03.csv,63,98784
6,H,03,电流-H-S1-03.csv,64,100352
6,H,03,电流-H-S1-03.csv,65,101920
6,H,03,电流-H-S1-03.csv,66,103488
6,H,03,电流-H-S1-03.csv,67,105056
6,H,03,电流-H-S1-03.csv,68,106624
6,H,03,电流-H-S1-03.csv,69,108192
6,H,03,电流-H-S1-03.csv,70,109760
6,H,03,电流-H-S1-03.csv,71,111328
6,H,03,电流-H-S1-03.csv,72,112896
6,H,03,电流-H-S1-03.csv,73,114464
6,H,03,电流-H-S1-03.csv,74,116032
6,H,03,电流-H-S1-03.csv,75,117600
6,H,03,电流-H-S1-03.csv,76,119168
6,H,03,电流-H-S1-03.csv,77,120736
6,H,03,电流-H-S1-03.csv,78,122304
6,H,03,电流-H-S1-03.csv,79,123872
6,H,03,电流-H-S1-03.csv,80,125440
6,H,03,电流-H-S1-03.csv,81,127008
6,H,03,电流-H-S1-03.csv,82,128576
6,H,03,电流-H-S1-03.csv,83,130144
6,H,03,电流-H-S1-03.csv,84,131712
6,H,03,电流-H-S1-03.csv,85,133280
6,H,03,电流-H-S1-03.csv,86,134848
6,H,03,电流-H-S1-03.csv,87,136416
6,H,03,电流-H-S1-03.csv,88,137984
6,H,03,电流-H-S1-03.csv,89,139552
6,H,03,电流-H-S1-03.csv,90,141120
6,H,03,电流-H-S1-03.csv,91,142688
6,H,03,电流-H-S1-03.csv,92,144256
6,H,03,电流-H-S1-03.csv,93,145824
6,H,03,电流-H-S1-03.csv,94,147392
6,H,03,电流-H-S1-03.csv,95,148960
6,H,03,电流-H-S1-03.csv,96,150528
6,H,03,电流-H-S1-03.csv,97,152096
6,H,03,电流-H-S1-03.csv,98,153664
6,H,03,电流-H-S1-03.csv,99,155232
6,H,03,电流-H-S1-03.csv,100,156800
6,H,03,电流-H-S1-03.csv,101,158368
6,H,03,电流-H-S1-03.csv,102,159936
6,H,03,电流-H-S1-03.csv,103,161504
6,H,03,电流-H-S1-03.csv,104,163072
6,H,03,电流-H-S1-03.csv,105,164640
6,H,03,电流-H-S1-03.csv,106,166208
6,H,03,电流-H-S1-03.csv,107,167776
6,H,03,电流-H-S1-03.csv,108,169344
6,H,03,电流-H-S1-03.csv,109,170912
6,H,03,电流-H-S1-03.csv,110,172480
6,H,03,电流-H-S1-03.csv,111,174048
6,H,03,电流-H-S1-03.csv,112,175616
6,H,03,电流-H-S1-03.csv,113,177184
6,H,03,电流-H-S1-03.csv,114,178752
6,H,03,电流-H-S1-03.csv,115,180320
6,H,03,电流-H-S1-03.csv,116,181888
6,H,03,电流-H-S1-03.csv,117,183456
6,H,03,电流-H-S1-03.csv,118,185024
6,H,03,电流-H-S1-03.csv,119,186592
6,H,03,电流-H-S1-03.csv,120,188160
6,H,03,电流-H-S1-03.csv,121,189728
6,H,03,电流-H-S1-03.csv,122,191296
6,H,03,电流-H-S1-03.csv,123,192864
6,H,03,电流-H-S1-03.csv,124,194432
6,H,03,电流-H-S1-03.csv,125,196000
6,H,03,电流-H-S1-03.csv,126,197568
6,H,03,电流-H-S1-03.csv,127,199136
6,H,03,电流-H-S1-03.csv,128,200704
6,H,03,电流-H-S1-03.csv,129,202272
6,H,03,电流-H-S1-03.csv,130,203840
6,H,03,电流-H-S1-03.csv,131,205408
6,H,03,电流-H-S1-03.csv,132,206976
6,H,03,电流-H-S1-03.csv,133,208544
6,H,03,电流-H-S1-03.csv,134,210112
6,H,03,电流-H-S1-03.csv,135,211680
6,H,03,电流-H-S1-03.csv,136,213248
6,H,03,电流-H-S1-03.csv,137,214816
6,H,03,电流-H-S1-03.csv,138,216384
6,H,03,电流-H-S1-03.csv,139,217952
6,H,03,电流-H-S1-03.csv,140,219520
6,H,03,电流-H-S1-03.csv,141,221088
6,H,03,电流-H-S1-03.csv,142,222656
6,H,03,电流-H-S1-03.csv,143,224224
6,H,03,电流-H-S1-03.csv,144,225792
6,H,03,电流-H-S1-03.csv,145,227360
6,H,03,电流-H-S1-03.csv,146,228928
6,H,03,电流-H-S1-03.csv,147,230496
6,H,03,电流-H-S1-03.csv,148,232064
6,H,03,电流-H-S1-03.csv,149,233632
6,H,03,电流-H-S1-03.csv,150,235200
6,H,03,电流-H-S1-03.csv,151,236768
6,H,03,电流-H-S1-03.csv,152,238336
6,H,03,电流-H-S1-03.csv,153,239904
6,H,03,电流-H-S1-03.csv,154,241472
6,H,03,电流-H-S1-03.csv,155,243040
6,H,03,电流-H-S1-03.csv,156,244608
6,H,03,电流-H-S1-03.csv,157,246176
6,H,03,电流-H-S1-03.csv,158,247744
6,H,03,电流-H-S1-03.csv,159,249312
6,H,03,电流-H-S1-03.csv,160,250880
6,H,03,电流-H-S1-03.csv,161,252448
6,H,03,电流-H-S1-03.csv,162,254016
6,H,03,电流-H-S1-03.csv,163,255584
6,H,03,电流-H-S1-03.csv,164,257152
6,H,03,电流-H-S1-03.csv,165,258720
6,H,03,电流-H-S1-03.csv,166,260288
6,H,03,电流-H-S1-03.csv,167,261856
6,H,03,电流-H-S1-03.csv,168,263424
6,H,03,电流-H-S1-03.csv,169,264992
6,H,03,电流-H-S1-03.csv,170,266560
6,H,03,电流-H-S1-03.csv,171,268128
6,H,03,电流-H-S1-03.csv,172,269696
6,H,03,电流-H-S1-03.csv,173,271264
6,H,03,电流-H-S1-03.csv,174,272832
6,H,03,电流-H-S1-03.csv,175,274400
6,H,03,电流-H-S1-03.csv,176,275968
6,H,03,电流-H-S1-03.csv,177,277536
6,H,03,电流-H-S1-03.csv,178,279104
6,H,03,电流-H-S1-03.csv,179,280672
6,H,03,电流-H-S1-03.csv,180,282240
6,H,03,电流-H-S1-03.csv,181,283808
6,H,03,电流-H-S1-03.csv,182,285376
6,H,03,电流-H-S1-03.csv,183,286944
6,H,03,电流-H-S1-03.csv,184,288512
6,H,03,电流-H-S1-03.csv,185,290080
6,H,03,电流-H-S1-03.csv,186,291648
6,H,03,电流-H-S1-03.csv,187,293216
6,H,03,电流-H-S1-03.csv,188,294784
6,H,03,电流-H-S1-03.csv,189,296352
6,H,03,电流-H-S1-03.csv,190,297920
6,H,03,电流-H-S1-03.csv,191,299488
6,H,03,电流-H-S1-03.csv,192,301056
6,H,03,电流-H-S1-03.csv,193,302624
6,H,03,电流-H-S1-03.csv,194,304192
6,H,03,电流-H-S1-03.csv,195,305760
6,H,03,电流-H-S1-03.csv,196,307328
6,H,03,电流-H-S1-03.csv,197,308896
6,H,03,电流-H-S1-03.csv,198,310464
6,H,03,电流-H-S1-03.csv,199,312032
6,H,03,电流-H-S1-03.csv,200,313600
6,H,03,电流-H-S1-03.csv,201,315168
6,H,03,电流-H-S1-03.csv,202,316736
6,H,03,电流-H-S1-03.csv,203,318304
6,H,03,电流-H-S1-03.csv,204,319872
6,H,03,电流-H-S1-03.csv,205,321440
6,H,03,电流-H-S1-03.csv,206,323008
6,H,03,电流-H-S1-03.csv,207,324576
6,H,03,电流-H-S1-03.csv,208,326144
6,H,03,电流-H-S1-03.csv,209,327712
6,H,03,电流-H-S1-03.csv,210,329280
6,H,03,电流-H-S1-03.csv,211,330848
6,H,03,电流-H-S1-03.csv,212,332416
6,H,03,电流-H-S1-03.csv,213,333984
6,H,03,电流-H-S1-03.csv,214,335552
6,H,03,电流-H-S1-03.csv,215,337120
6,H,03,电流-H-S1-03.csv,216,338688
6,H,03,电流-H-S1-03.csv,217,340256
6,H,03,电流-H-S1-03.csv,218,341824
6,H,03,电流-H-S1-03.csv,219,343392
6,H,03,电流-H-S1-03.csv,220,344960
6,H,03,电流-H-S1-03.csv,221,346528
6,H,03,电流-H-S1-03.csv,222,348096
6,H,03,电流-H-S1-03.csv,223,349664
6,H,03,电流-H-S1-03.csv,224,351232
6,H,03,电流-H-S1-03.csv,225,352800
6,H,03,电流-H-S1-03.csv,226,354368
6,H,03,电流-H-S1-03.csv,227,355936
6,H,03,电流-H-S1-03.csv,228,357504
6,H,03,电流-H-S1-03.csv,229,359072
6,H,03,电流-H-S1-03.csv,230,360640
6,H,03,电流-H-S1-03.csv,231,362208
6,H,03,电流-H-S1-03.csv,232,363776
6,H,03,电流-H-S1-03.csv,233,365344
6,H,03,电流-H-S1-03.csv,234,366912
6,H,03,电流-H-S1-03.csv,235,368480
6,H,03,电流-H-S1-03.csv,236,370048
6,H,03,电流-H-S1-03.csv,237,371616
6,H,03,电流-H-S1-03.csv,238,373184
6,H,03,电流-H-S1-03.csv,239,374752
6,H,03,电流-H-S1-03.csv,240,376320
6,H,03,电流-H-S1-03.csv,241,377888
6,H,03,电流-H-S1-03.csv,242,379456
6,H,03,电流-H-S1-03.csv,243,381024
6,H,03,电流-H-S1-03.csv,244,382592
6,H,03,电流-H-S1-03.csv,245,384160
6,H,03,电流-H-S1-03.csv,246,385728
6,H,03,电流-H-S1-03.csv,247,387296
6,H,03,电流-H-S1-03.csv,248,388864
6,H,03,电流-H-S1-03.csv,249,390432
6,H,03,电流-H-S1-03.csv,250,392000
6,H,03,电流-H-S1-03.csv,251,393568
6,H,03,电流-H-S1-03.csv,252,395136
6,H,03,电流-H-S1-03.csv,253,396704
6,H,03,电流-H-S1-03.csv,254,398272
6,H,03,电流-H-S1-03.csv,255,399840
6,H,03,电流-H-S1-03.csv,256,401408
6,H,03,电流-H-S1-03.csv,257,402976
6,H,03,电流-H-S1-03.csv,258,404544
6,H,03,电流-H-S1-03.csv,259,406112
6,H,03,电流-H-S1-03.csv,260,407680
6,H,03,电流-H-S1-03.csv,261,409248
6,H,03,电流-H-S1-03.csv,262,410816
6,H,03,电流-H-S1-03.csv,263,412384
6,H,03,电流-H-S1-03.csv,264,413952
6,H,03,电流-H-S1-03.csv,265,415520
6,H,03,电流-H-S1-03.csv,266,417088
6,H,03,电流-H-S1-03.csv,267,418656
6,H,03,电流-H-S1-03.csv,268,420224
6,H,03,电流-H-S1-03.csv,269,421792
6,H,03,电流-H-S1-03.csv,270,423360
6,H,03,电流-H-S1-03.csv,271,424928
6,H,03,电流-H-S1-03.csv,272,426496
6,H,03,电流-H-S1-03.csv,273,428064
6,H,03,电流-H-S1-03.csv,274,429632
6,H,03,电流-H-S1-03.csv,275,431200
6,H,03,电流-H-S1-03.csv,276,432768
6,H,03,电流-H-S1-03.csv,277,434336
6,H,03,电流-H-S1-03.csv,278,435904
6,H,03,电流-H-S1-03.csv,279,437472
6,H,03,电流-H-S1-03.csv,280,439040
6,H,03,电流-H-S1-03.csv,281,440608
6,H,03,电流-H-S1-03.csv,282,442176
6,H,03,电流-H-S1-03.csv,283,443744
6,H,03,电流-H-S1-03.csv,284,445312
6,H,03,电流-H-S1-03.csv,285,446880
6,H,03,电流-H-S1-03.csv,286,448448
6,H,03,电流-H-S1-03.csv,287,450016
6,H,03,电流-H-S1-03.csv,288,451584
6,H,03,电流-H-S1-03.csv,289,453152
6,H,03,电流-H-S1-03.csv,290,454720
6,H,03,电流-H-S1-03.csv,291,456288
6,H,03,电流-H-S1-03.csv,292,457856
6,H,03,电流-H-S1-03.csv,293,459424
6,H,03,电流-H-S1-03.csv,294,460992
6,H,03,电流-H-S1-03.csv,295,462560
6,H,03,电流-H-S1-03.csv,296,464128
6,H,03,电流-H-S1-03.csv,297,465696
6,H,03,电流-H-S1-03.csv,298,467264
6,H,03,电流-H-S1-03.csv,299,468832
6,H,03,电流-H-S1-03.csv,300,470400
6,H,03,电流-H-S1-03.csv,301,471968
6,H,03,电流-H-S1-03.csv,302,473536
6,H,03,电流-H-S1-03.csv,303,475104
6,H,03,电流-H-S1-03.csv,304,476672
6,H,03,电流-H-S1-03.csv,305,478240
6,H,03,电流-H-S1-03.csv,306,479808
6,H,03,电流-H-S1-03.csv,307,481376
6,H,03,电流-H-S1-03.csv,308,482944
6,H,03,电流-H-S1-03.csv,309,484512
6,H,03,电流-H-S1-03.csv,310,486080
6,H,03,电流-H-S1-03.csv,311,487648
7,H+N,01,电流-H+N-S1-01.csv,0,0
7,H+N,01,电流-H+N-S1-01.csv,1,1568
7,H+N,01,电流-H+N-S1-01.csv,2,3136
7,H+N,01,电流-H+N-S1-01.csv,3,4704
7,H+N,01,电流-H+N-S1-01.csv,4,6272
7,H+N,01,电流-H+N-S1-01.csv,5,7840
7,H+N,01,电流-H+N-S1-01.csv,6,9408
7,H+N,01,电流-H+N-S1-01.csv,7,10976
7,H+N,01,电流-H+N-S1-01.csv,8,12544
7,H+N,01,电流-H+N-S1-01.csv,9,14112
7,H+N,01,电流-H+N-S1-01.csv,10,15680
7,H+N,01,电流-H+N-S1-01.csv,11,17248
7,H+N,01,电流-H+N-S1-01.csv,12,18816
7,H+N,01,电流-H+N-S1-01.csv,13,20384
7,H+N,01,电流-H+N-S1-01.csv,14,21952
7,H+N,01,电流-H+N-S1-01.csv,15,23520
7,H+N,01,电流-H+N-S1-01.csv,16,25088
7,H+N,01,电流-H+N-S1-01.csv,17,26656
7,H+N,01,电流-H+N-S1-01.csv,18,28224
7,H+N,01,电流-H+N-S1-01.csv,19,29792
7,H+N,01,电流-H+N-S1-01.csv,20,31360
7,H+N,01,电流-H+N-S1-01.csv,21,32928
7,H+N,01,电流-H+N-S1-01.csv,22,34496
7,H+N,01,电流-H+N-S1-01.csv,23,36064
7,H+N,01,电流-H+N-S1-01.csv,24,37632
7,H+N,01,电流-H+N-S1-01.csv,25,39200
7,H+N,01,电流-H+N-S1-01.csv,26,40768
7,H+N,01,电流-H+N-S1-01.csv,27,42336
7,H+N,01,电流-H+N-S1-01.csv,28,43904
7,H+N,01,电流-H+N-S1-01.csv,29,45472
7,H+N,01,电流-H+N-S1-01.csv,30,47040
7,H+N,01,电流-H+N-S1-01.csv,31,48608
7,H+N,01,电流-H+N-S1-01.csv,32,50176
7,H+N,01,电流-H+N-S1-01.csv,33,51744
7,H+N,01,电流-H+N-S1-01.csv,34,53312
7,H+N,01,电流-H+N-S1-01.csv,35,54880
7,H+N,01,电流-H+N-S1-01.csv,36,56448
7,H+N,01,电流-H+N-S1-01.csv,37,58016
7,H+N,01,电流-H+N-S1-01.csv,38,59584
7,H+N,01,电流-H+N-S1-01.csv,39,61152
7,H+N,01,电流-H+N-S1-01.csv,40,62720
7,H+N,01,电流-H+N-S1-01.csv,41,64288
7,H+N,01,电流-H+N-S1-01.csv,42,65856
7,H+N,01,电流-H+N-S1-01.csv,43,67424
7,H+N,01,电流-H+N-S1-01.csv,44,68992
7,H+N,01,电流-H+N-S1-01.csv,45,70560
7,H+N,01,电流-H+N-S1-01.csv,46,72128
7,H+N,01,电流-H+N-S1-01.csv,47,73696
7,H+N,01,电流-H+N-S1-01.csv,48,75264
7,H+N,01,电流-H+N-S1-01.csv,49,76832
7,H+N,01,电流-H+N-S1-01.csv,50,78400
7,H+N,01,电流-H+N-S1-01.csv,51,79968
7,H+N,01,电流-H+N-S1-01.csv,52,81536
7,H+N,01,电流-H+N-S1-01.csv,53,83104
7,H+N,01,电流-H+N-S1-01.csv,54,84672
7,H+N,01,电流-H+N-S1-01.csv,55,86240
7,H+N,01,电流-H+N-S1-01.csv,56,87808
7,H+N,01,电流-H+N-S1-01.csv,57,89376
7,H+N,01,电流-H+N-S1-01.csv,58,90944
7,H+N,01,电流-H+N-S1-01.csv,59,92512
7,H+N,01,电流-H+N-S1-01.csv,60,94080
7,H+N,01,电流-H+N-S1-01.csv,61,95648
7,H+N,01,电流-H+N-S1-01.csv,62,97216
7,H+N,01,电流-H+N-S1-01.csv,63,98784
7,H+N,01,电流-H+N-S1-01.csv,64,100352
7,H+N,01,电流-H+N-S1-01.csv,65,101920
7,H+N,01,电流-H+N-S1-01.csv,66,103488
7,H+N,01,电流-H+N-S1-01.csv,67,105056
7,H+N,01,电流-H+N-S1-01.csv,68,106624
7,H+N,01,电流-H+N-S1-01.csv,69,108192
7,H+N,01,电流-H+N-S1-01.csv,70,109760
7,H+N,01,电流-H+N-S1-01.csv,71,111328
7,H+N,01,电流-H+N-S1-01.csv,72,112896
7,H+N,01,电流-H+N-S1-01.csv,73,114464
7,H+N,01,电流-H+N-S1-01.csv,74,116032
7,H+N,01,电流-H+N-S1-01.csv,75,117600
7,H+N,01,电流-H+N-S1-01.csv,76,119168
7,H+N,01,电流-H+N-S1-01.csv,77,120736
7,H+N,01,电流-H+N-S1-01.csv,78,122304
7,H+N,01,电流-H+N-S1-01.csv,79,123872
7,H+N,01,电流-H+N-S1-01.csv,80,125440
7,H+N,01,电流-H+N-S1-01.csv,81,127008
7,H+N,01,电流-H+N-S1-01.csv,82,128576
7,H+N,01,电流-H+N-S1-01.csv,83,130144
7,H+N,01,电流-H+N-S1-01.csv,84,131712
7,H+N,01,电流-H+N-S1-01.csv,85,133280
7,H+N,01,电流-H+N-S1-01.csv,86,134848
7,H+N,01,电流-H+N-S1-01.csv,87,136416
7,H+N,01,电流-H+N-S1-01.csv,88,137984
7,H+N,01,电流-H+N-S1-01.csv,89,139552
7,H+N,01,电流-H+N-S1-01.csv,90,141120
7,H+N,01,电流-H+N-S1-01.csv,91,142688
7,H+N,01,电流-H+N-S1-01.csv,92,144256
7,H+N,01,电流-H+N-S1-01.csv,93,145824
7,H+N,01,电流-H+N-S1-01.csv,94,147392
7,H+N,01,电流-H+N-S1-01.csv,95,148960
7,H+N,01,电流-H+N-S1-01.csv,96,150528
7,H+N,01,电流-H+N-S1-01.csv,97,152096
7,H+N,01,电流-H+N-S1-01.csv,98,153664
7,H+N,01,电流-H+N-S1-01.csv,99,155232
7,H+N,01,电流-H+N-S1-01.csv,100,156800
7,H+N,01,电流-H+N-S1-01.csv,101,158368
7,H+N,01,电流-H+N-S1-01.csv,102,159936
7,H+N,01,电流-H+N-S1-01.csv,103,161504
7,H+N,01,电流-H+N-S1-01.csv,104,163072
7,H+N,01,电流-H+N-S1-01.csv,105,164640
7,H+N,01,电流-H+N-S1-01.csv,106,166208
7,H+N,01,电流-H+N-S1-01.csv,107,167776
7,H+N,01,电流-H+N-S1-01.csv,108,169344
7,H+N,01,电流-H+N-S1-01.csv,109,170912
7,H+N,01,电流-H+N-S1-01.csv,110,172480
7,H+N,01,电流-H+N-S1-01.csv,111,174048
7,H+N,01,电流-H+N-S1-01.csv,112,175616
7,H+N,01,电流-H+N-S1-01.csv,113,177184
7,H+N,01,电流-H+N-S1-01.csv,114,178752
7,H+N,01,电流-H+N-S1-01.csv,115,180320
7,H+N,01,电流-H+N-S1-01.csv,116,181888
7,H+N,01,电流-H+N-S1-01.csv,117,183456
7,H+N,01,电流-H+N-S1-01.csv,118,185024
7,H+N,01,电流-H+N-S1-01.csv,119,186592
7,H+N,01,电流-H+N-S1-01.csv,120,188160
7,H+N,01,电流-H+N-S1-01.csv,121,189728
7,H+N,01,电流-H+N-S1-01.csv,122,191296
7,H+N,01,电流-H+N-S1-01.csv,123,192864
7,H+N,01,电流-H+N-S1-01.csv,124,194432
7,H+N,01,电流-H+N-S1-01.csv,125,196000
7,H+N,01,电流-H+N-S1-01.csv,126,197568
7,H+N,01,电流-H+N-S1-01.csv,127,199136
7,H+N,01,电流-H+N-S1-01.csv,128,200704
7,H+N,01,电流-H+N-S1-01.csv,129,202272
7,H+N,01,电流-H+N-S1-01.csv,130,203840
7,H+N,01,电流-H+N-S1-01.csv,131,205408
7,H+N,01,电流-H+N-S1-01.csv,132,206976
7,H+N,01,电流-H+N-S1-01.csv,133,208544
7,H+N,01,电流-H+N-S1-01.csv,134,210112
7,H+N,01,电流-H+N-S1-01.csv,135,211680
7,H+N,01,电流-H+N-S1-01.csv,136,213248
7,H+N,01,电流-H+N-S1-01.csv,137,214816
7,H+N,01,电流-H+N-S1-01.csv,138,216384
7,H+N,01,电流-H+N-S1-01.csv,139,217952
7,H+N,01,电流-H+N-S1-01.csv,140,219520
7,H+N,01,电流-H+N-S1-01.csv,141,221088
7,H+N,01,电流-H+N-S1-01.csv,142,222656
7,H+N,01,电流-H+N-S1-01.csv,143,224224
7,H+N,01,电流-H+N-S1-01.csv,144,225792
7,H+N,01,电流-H+N-S1-01.csv,145,227360
7,H+N,01,电流-H+N-S1-01.csv,146,228928
7,H+N,01,电流-H+N-S1-01.csv,147,230496
7,H+N,01,电流-H+N-S1-01.csv,148,232064
7,H+N,01,电流-H+N-S1-01.csv,149,233632
7,H+N,01,电流-H+N-S1-01.csv,150,235200
7,H+N,01,电流-H+N-S1-01.csv,151,236768
7,H+N,01,电流-H+N-S1-01.csv,152,238336
7,H+N,01,电流-H+N-S1-01.csv,153,239904
7,H+N,01,电流-H+N-S1-01.csv,154,241472
7,H+N,01,电流-H+N-S1-01.csv,155,243040
7,H+N,01,电流-H+N-S1-01.csv,156,244608
7,H+N,01,电流-H+N-S1-01.csv,157,246176
7,H+N,01,电流-H+N-S1-01.csv,158,247744
7,H+N,01,电流-H+N-S1-01.csv,159,249312
7,H+N,01,电流-H+N-S1-01.csv,160,250880
7,H+N,01,电流-H+N-S1-01.csv,161,252448
7,H+N,01,电流-H+N-S1-01.csv,162,254016
7,H+N,01,电流-H+N-S1-01.csv,163,255584
7,H+N,01,电流-H+N-S1-01.csv,164,257152
7,H+N,01,电流-H+N-S1-01.csv,165,258720
7,H+N,01,电流-H+N-S1-01.csv,166,260288
7,H+N,01,电流-H+N-S1-01.csv,167,261856
7,H+N,01,电流-H+N-S1-01.csv,168,263424
7,H+N,01,电流-H+N-S1-01.csv,169,264992
7,H+N,01,电流-H+N-S1-01.csv,170,266560
7,H+N,01,电流-H+N-S1-01.csv,171,268128
7,H+N,01,电流-H+N-S1-01.csv,172,269696
7,H+N,01,电流-H+N-S1-01.csv,173,271264
7,H+N,01,电流-H+N-S1-01.csv,174,272832
7,H+N,01,电流-H+N-S1-01.csv,175,274400
7,H+N,01,电流-H+N-S1-01.csv,176,275968
7,H+N,01,电流-H+N-S1-01.csv,177,277536
7,H+N,01,电流-H+N-S1-01.csv,178,279104
7,H+N,01,电流-H+N-S1-01.csv,179,280672
7,H+N,01,电流-H+N-S1-01.csv,180,282240
7,H+N,01,电流-H+N-S1-01.csv,181,283808
7,H+N,01,电流-H+N-S1-01.csv,182,285376
7,H+N,01,电流-H+N-S1-01.csv,183,286944
7,H+N,01,电流-H+N-S1-01.csv,184,288512
7,H+N,01,电流-H+N-S1-01.csv,185,290080
7,H+N,01,电流-H+N-S1-01.csv,186,291648
7,H+N,01,电流-H+N-S1-01.csv,187,293216
7,H+N,01,电流-H+N-S1-01.csv,188,294784
7,H+N,01,电流-H+N-S1-01.csv,189,296352
7,H+N,01,电流-H+N-S1-01.csv,190,297920
7,H+N,01,电流-H+N-S1-01.csv,191,299488
7,H+N,01,电流-H+N-S1-01.csv,192,301056
7,H+N,01,电流-H+N-S1-01.csv,193,302624
7,H+N,01,电流-H+N-S1-01.csv,194,304192
7,H+N,01,电流-H+N-S1-01.csv,195,305760
7,H+N,01,电流-H+N-S1-01.csv,196,307328
7,H+N,01,电流-H+N-S1-01.csv,197,308896
7,H+N,01,电流-H+N-S1-01.csv,198,310464
7,H+N,01,电流-H+N-S1-01.csv,199,312032
7,H+N,01,电流-H+N-S1-01.csv,200,313600
7,H+N,01,电流-H+N-S1-01.csv,201,315168
7,H+N,01,电流-H+N-S1-01.csv,202,316736
7,H+N,01,电流-H+N-S1-01.csv,203,318304
7,H+N,01,电流-H+N-S1-01.csv,204,319872
7,H+N,01,电流-H+N-S1-01.csv,205,321440
7,H+N,01,电流-H+N-S1-01.csv,206,323008
7,H+N,01,电流-H+N-S1-01.csv,207,324576
7,H+N,01,电流-H+N-S1-01.csv,208,326144
7,H+N,01,电流-H+N-S1-01.csv,209,327712
7,H+N,01,电流-H+N-S1-01.csv,210,329280
7,H+N,01,电流-H+N-S1-01.csv,211,330848
7,H+N,01,电流-H+N-S1-01.csv,212,332416
7,H+N,01,电流-H+N-S1-01.csv,213,333984
7,H+N,01,电流-H+N-S1-01.csv,214,335552
7,H+N,01,电流-H+N-S1-01.csv,215,337120
7,H+N,01,电流-H+N-S1-01.csv,216,338688
7,H+N,01,电流-H+N-S1-01.csv,217,340256
7,H+N,01,电流-H+N-S1-01.csv,218,341824
7,H+N,01,电流-H+N-S1-01.csv,219,343392
7,H+N,01,电流-H+N-S1-01.csv,220,344960
7,H+N,01,电流-H+N-S1-01.csv,221,346528
7,H+N,01,电流-H+N-S1-01.csv,222,348096
7,H+N,01,电流-H+N-S1-01.csv,223,349664
7,H+N,01,电流-H+N-S1-01.csv,224,351232
7,H+N,01,电流-H+N-S1-01.csv,225,352800
7,H+N,01,电流-H+N-S1-01.csv,226,354368
7,H+N,01,电流-H+N-S1-01.csv,227,355936
7,H+N,01,电流-H+N-S1-01.csv,228,357504
7,H+N,01,电流-H+N-S1-01.csv,229,359072
7,H+N,01,电流-H+N-S1-01.csv,230,360640
7,H+N,01,电流-H+N-S1-01.csv,231,362208
7,H+N,01,电流-H+N-S1-01.csv,232,363776
7,H+N,01,电流-H+N-S1-01.csv,233,365344
7,H+N,01,电流-H+N-S1-01.csv,234,366912
7,H+N,01,电流-H+N-S1-01.csv,235,368480
7,H+N,01,电流-H+N-S1-01.csv,236,370048
7,H+N,01,电流-H+N-S1-01.csv,237,371616
7,H+N,01,电流-H+N-S1-01.csv,238,373184
7,H+N,01,电流-H+N-S1-01.csv,239,374752
7,H+N,01,电流-H+N-S1-01.csv,240,376320
7,H+N,01,电流-H+N-S1-01.csv,241,377888
7,H+N,01,电流-H+N-S1-01.csv,242,379456
7,H+N,01,电流-H+N-S1-01.csv,243,381024
7,H+N,01,电流-H+N-S1-01.csv,244,382592
7,H+N,01,电流-H+N-S1-01.csv,245,384160
7,H+N,01,电流-H+N-S1-01.csv,246,385728
7,H+N,01,电流-H+N-S1-01.csv,247,387296
7,H+N,01,电流-H+N-S1-01.csv,248,388864
7,H+N,01,电流-H+N-S1-01.csv,249,390432
7,H+N,01,电流-H+N-S1-01.csv,250,392000
7,H+N,01,电流-H+N-S1-01.csv,251,393568
7,H+N,01,电流-H+N-S1-01.csv,252,395136
7,H+N,01,电流-H+N-S1-01.csv,253,396704
7,H+N,01,电流-H+N-S1-01.csv,254,398272
7,H+N,01,电流-H+N-S1-01.csv,255,399840
7,H+N,01,电流-H+N-S1-01.csv,256,401408
7,H+N,01,电流-H+N-S1-01.csv,257,402976
7,H+N,01,电流-H+N-S1-01.csv,258,404544
7,H+N,01,电流-H+N-S1-01.csv,259,406112
7,H+N,01,电流-H+N-S1-01.csv,260,407680
7,H+N,01,电流-H+N-S1-01.csv,261,409248
7,H+N,01,电流-H+N-S1-01.csv,262,410816
7,H+N,01,电流-H+N-S1-01.csv,263,412384
7,H+N,01,电流-H+N-S1-01.csv,264,413952
7,H+N,01,电流-H+N-S1-01.csv,265,415520
7,H+N,01,电流-H+N-S1-01.csv,266,417088
7,H+N,01,电流-H+N-S1-01.csv,267,418656
7,H+N,01,电流-H+N-S1-01.csv,268,420224
7,H+N,01,电流-H+N-S1-01.csv,269,421792
7,H+N,01,电流-H+N-S1-01.csv,270,423360
7,H+N,01,电流-H+N-S1-01.csv,271,424928
7,H+N,01,电流-H+N-S1-01.csv,272,426496
7,H+N,01,电流-H+N-S1-01.csv,273,428064
7,H+N,01,电流-H+N-S1-01.csv,274,429632
7,H+N,01,电流-H+N-S1-01.csv,275,431200
7,H+N,01,电流-H+N-S1-01.csv,276,432768
7,H+N,01,电流-H+N-S1-01.csv,277,434336
7,H+N,01,电流-H+N-S1-01.csv,278,435904
7,H+N,01,电流-H+N-S1-01.csv,279,437472
7,H+N,01,电流-H+N-S1-01.csv,280,439040
7,H+N,01,电流-H+N-S1-01.csv,281,440608
7,H+N,01,电流-H+N-S1-01.csv,282,442176
7,H+N,01,电流-H+N-S1-01.csv,283,443744
7,H+N,01,电流-H+N-S1-01.csv,284,445312
7,H+N,01,电流-H+N-S1-01.csv,285,446880
7,H+N,01,电流-H+N-S1-01.csv,286,448448
7,H+N,01,电流-H+N-S1-01.csv,287,450016
7,H+N,01,电流-H+N-S1-01.csv,288,451584
7,H+N,01,电流-H+N-S1-01.csv,289,453152
7,H+N,01,电流-H+N-S1-01.csv,290,454720
7,H+N,01,电流-H+N-S1-01.csv,291,456288
7,H+N,01,电流-H+N-S1-01.csv,292,457856
7,H+N,01,电流-H+N-S1-01.csv,293,459424
7,H+N,01,电流-H+N-S1-01.csv,294,460992
7,H+N,01,电流-H+N-S1-01.csv,295,462560
7,H+N,01,电流-H+N-S1-01.csv,296,464128
7,H+N,01,电流-H+N-S1-01.csv,297,465696
7,H+N,01,电流-H+N-S1-01.csv,298,467264
7,H+N,01,电流-H+N-S1-01.csv,299,468832
7,H+N,01,电流-H+N-S1-01.csv,300,470400
7,H+N,01,电流-H+N-S1-01.csv,301,471968
7,H+N,01,电流-H+N-S1-01.csv,302,473536
7,H+N,01,电流-H+N-S1-01.csv,303,475104
7,H+N,01,电流-H+N-S1-01.csv,304,476672
7,H+N,01,电流-H+N-S1-01.csv,305,478240
7,H+N,01,电流-H+N-S1-01.csv,306,479808
7,H+N,01,电流-H+N-S1-01.csv,307,481376
7,H+N,01,电流-H+N-S1-01.csv,308,482944
7,H+N,01,电流-H+N-S1-01.csv,309,484512
7,H+N,01,电流-H+N-S1-01.csv,310,486080
7,H+N,01,电流-H+N-S1-01.csv,311,487648
7,H+N,03,电流-H+N-S1-03.csv,0,0
7,H+N,03,电流-H+N-S1-03.csv,1,1568
7,H+N,03,电流-H+N-S1-03.csv,2,3136
7,H+N,03,电流-H+N-S1-03.csv,3,4704
7,H+N,03,电流-H+N-S1-03.csv,4,6272
7,H+N,03,电流-H+N-S1-03.csv,5,7840
7,H+N,03,电流-H+N-S1-03.csv,6,9408
7,H+N,03,电流-H+N-S1-03.csv,7,10976
7,H+N,03,电流-H+N-S1-03.csv,8,12544
7,H+N,03,电流-H+N-S1-03.csv,9,14112
7,H+N,03,电流-H+N-S1-03.csv,10,15680
7,H+N,03,电流-H+N-S1-03.csv,11,17248
7,H+N,03,电流-H+N-S1-03.csv,12,18816
7,H+N,03,电流-H+N-S1-03.csv,13,20384
7,H+N,03,电流-H+N-S1-03.csv,14,21952
7,H+N,03,电流-H+N-S1-03.csv,15,23520
7,H+N,03,电流-H+N-S1-03.csv,16,25088
7,H+N,03,电流-H+N-S1-03.csv,17,26656
7,H+N,03,电流-H+N-S1-03.csv,18,28224
7,H+N,03,电流-H+N-S1-03.csv,19,29792
7,H+N,03,电流-H+N-S1-03.csv,20,31360
7,H+N,03,电流-H+N-S1-03.csv,21,32928
7,H+N,03,电流-H+N-S1-03.csv,22,34496
7,H+N,03,电流-H+N-S1-03.csv,23,36064
7,H+N,03,电流-H+N-S1-03.csv,24,37632
7,H+N,03,电流-H+N-S1-03.csv,25,39200
7,H+N,03,电流-H+N-S1-03.csv,26,40768
7,H+N,03,电流-H+N-S1-03.csv,27,42336
7,H+N,03,电流-H+N-S1-03.csv,28,43904
7,H+N,03,电流-H+N-S1-03.csv,29,45472
7,H+N,03,电流-H+N-S1-03.csv,30,47040
7,H+N,03,电流-H+N-S1-03.csv,31,48608
7,H+N,03,电流-H+N-S1-03.csv,32,50176
7,H+N,03,电流-H+N-S1-03.csv,33,51744
7,H+N,03,电流-H+N-S1-03.csv,34,53312
7,H+N,03,电流-H+N-S1-03.csv,35,54880
7,H+N,03,电流-H+N-S1-03.csv,36,56448
7,H+N,03,电流-H+N-S1-03.csv,37,58016
7,H+N,03,电流-H+N-S1-03.csv,38,59584
7,H+N,03,电流-H+N-S1-03.csv,39,61152
7,H+N,03,电流-H+N-S1-03.csv,40,62720
7,H+N,03,电流-H+N-S1-03.csv,41,64288
7,H+N,03,电流-H+N-S1-03.csv,42,65856
7,H+N,03,电流-H+N-S1-03.csv,43,67424
7,H+N,03,电流-H+N-S1-03.csv,44,68992
7,H+N,03,电流-H+N-S1-03.csv,45,70560
7,H+N,03,电流-H+N-S1-03.csv,46,72128
7,H+N,03,电流-H+N-S1-03.csv,47,73696
7,H+N,03,电流-H+N-S1-03.csv,48,75264
7,H+N,03,电流-H+N-S1-03.csv,49,76832
7,H+N,03,电流-H+N-S1-03.csv,50,78400
7,H+N,03,电流-H+N-S1-03.csv,51,79968
7,H+N,03,电流-H+N-S1-03.csv,52,81536
7,H+N,03,电流-H+N-S1-03.csv,53,83104
7,H+N,03,电流-H+N-S1-03.csv,54,84672
7,H+N,03,电流-H+N-S1-03.csv,55,86240
7,H+N,03,电流-H+N-S1-03.csv,56,87808
7,H+N,03,电流-H+N-S1-03.csv,57,89376
7,H+N,03,电流-H+N-S1-03.csv,58,90944
7,H+N,03,电流-H+N-S1-03.csv,59,92512
7,H+N,03,电流-H+N-S1-03.csv,60,94080
7,H+N,03,电流-H+N-S1-03.csv,61,95648
7,H+N,03,电流-H+N-S1-03.csv,62,97216
7,H+N,03,电流-H+N-S1-03.csv,63,98784
7,H+N,03,电流-H+N-S1-03.csv,64,100352
7,H+N,03,电流-H+N-S1-03.csv,65,101920
7,H+N,03,电流-H+N-S1-03.csv,66,103488
7,H+N,03,电流-H+N-S1-03.csv,67,105056
7,H+N,03,电流-H+N-S1-03.csv,68,106624
7,H+N,03,电流-H+N-S1-03.csv,69,108192
7,H+N,03,电流-H+N-S1-03.csv,70,109760
7,H+N,03,电流-H+N-S1-03.csv,71,111328
7,H+N,03,电流-H+N-S1-03.csv,72,112896
7,H+N,03,电流-H+N-S1-03.csv,73,114464
7,H+N,03,电流-H+N-S1-03.csv,74,116032
7,H+N,03,电流-H+N-S1-03.csv,75,117600
7,H+N,03,电流-H+N-S1-03.csv,76,119168
7,H+N,03,电流-H+N-S1-03.csv,77,120736
7,H+N,03,电流-H+N-S1-03.csv,78,122304
7,H+N,03,电流-H+N-S1-03.csv,79,123872
7,H+N,03,电流-H+N-S1-03.csv,80,125440
7,H+N,03,电流-H+N-S1-03.csv,81,127008
7,H+N,03,电流-H+N-S1-03.csv,82,128576
7,H+N,03,电流-H+N-S1-03.csv,83,130144
7,H+N,03,电流-H+N-S1-03.csv,84,131712
7,H+N,03,电流-H+N-S1-03.csv,85,133280
7,H+N,03,电流-H+N-S1-03.csv,86,134848
7,H+N,03,电流-H+N-S1-03.csv,87,136416
7,H+N,03,电流-H+N-S1-03.csv,88,137984
7,H+N,03,电流-H+N-S1-03.csv,89,139552
7,H+N,03,电流-H+N-S1-03.csv,90,141120
7,H+N,03,电流-H+N-S1-03.csv,91,142688
7,H+N,03,电流-H+N-S1-03.csv,92,144256
7,H+N,03,电流-H+N-S1-03.csv,93,145824
7,H+N,03,电流-H+N-S1-03.csv,94,147392
7,H+N,03,电流-H+N-S1-03.csv,95,148960
7,H+N,03,电流-H+N-S1-03.csv,96,150528
7,H+N,03,电流-H+N-S1-03.csv,97,152096
7,H+N,03,电流-H+N-S1-03.csv,98,153664
7,H+N,03,电流-H+N-S1-03.csv,99,155232
7,H+N,03,电流-H+N-S1-03.csv,100,156800
7,H+N,03,电流-H+N-S1-03.csv,101,158368
7,H+N,03,电流-H+N-S1-03.csv,102,159936
7,H+N,03,电流-H+N-S1-03.csv,103,161504
7,H+N,03,电流-H+N-S1-03.csv,104,163072
7,H+N,03,电流-H+N-S1-03.csv,105,164640
7,H+N,03,电流-H+N-S1-03.csv,106,166208
7,H+N,03,电流-H+N-S1-03.csv,107,167776
7,H+N,03,电流-H+N-S1-03.csv,108,169344
7,H+N,03,电流-H+N-S1-03.csv,109,170912
7,H+N,03,电流-H+N-S1-03.csv,110,172480
7,H+N,03,电流-H+N-S1-03.csv,111,174048
7,H+N,03,电流-H+N-S1-03.csv,112,175616
7,H+N,03,电流-H+N-S1-03.csv,113,177184
7,H+N,03,电流-H+N-S1-03.csv,114,178752
7,H+N,03,电流-H+N-S1-03.csv,115,180320
7,H+N,03,电流-H+N-S1-03.csv,116,181888
7,H+N,03,电流-H+N-S1-03.csv,117,183456
7,H+N,03,电流-H+N-S1-03.csv,118,185024
7,H+N,03,电流-H+N-S1-03.csv,119,186592
7,H+N,03,电流-H+N-S1-03.csv,120,188160
7,H+N,03,电流-H+N-S1-03.csv,121,189728
7,H+N,03,电流-H+N-S1-03.csv,122,191296
7,H+N,03,电流-H+N-S1-03.csv,123,192864
7,H+N,03,电流-H+N-S1-03.csv,124,194432
7,H+N,03,电流-H+N-S1-03.csv,125,196000
7,H+N,03,电流-H+N-S1-03.csv,126,197568
7,H+N,03,电流-H+N-S1-03.csv,127,199136
7,H+N,03,电流-H+N-S1-03.csv,128,200704
7,H+N,03,电流-H+N-S1-03.csv,129,202272
7,H+N,03,电流-H+N-S1-03.csv,130,203840
7,H+N,03,电流-H+N-S1-03.csv,131,205408
7,H+N,03,电流-H+N-S1-03.csv,132,206976
7,H+N,03,电流-H+N-S1-03.csv,133,208544
7,H+N,03,电流-H+N-S1-03.csv,134,210112
7,H+N,03,电流-H+N-S1-03.csv,135,211680
7,H+N,03,电流-H+N-S1-03.csv,136,213248
7,H+N,03,电流-H+N-S1-03.csv,137,214816
7,H+N,03,电流-H+N-S1-03.csv,138,216384
7,H+N,03,电流-H+N-S1-03.csv,139,217952
7,H+N,03,电流-H+N-S1-03.csv,140,219520
7,H+N,03,电流-H+N-S1-03.csv,141,221088
7,H+N,03,电流-H+N-S1-03.csv,142,222656
7,H+N,03,电流-H+N-S1-03.csv,143,224224
7,H+N,03,电流-H+N-S1-03.csv,144,225792
7,H+N,03,电流-H+N-S1-03.csv,145,227360
7,H+N,03,电流-H+N-S1-03.csv,146,228928
7,H+N,03,电流-H+N-S1-03.csv,147,230496
7,H+N,03,电流-H+N-S1-03.csv,148,232064
7,H+N,03,电流-H+N-S1-03.csv,149,233632
7,H+N,03,电流-H+N-S1-03.csv,150,235200
7,H+N,03,电流-H+N-S1-03.csv,151,236768
7,H+N,03,电流-H+N-S1-03.csv,152,238336
7,H+N,03,电流-H+N-S1-03.csv,153,239904
7,H+N,03,电流-H+N-S1-03.csv,154,241472
7,H+N,03,电流-H+N-S1-03.csv,155,243040
7,H+N,03,电流-H+N-S1-03.csv,156,244608
7,H+N,03,电流-H+N-S1-03.csv,157,246176
7,H+N,03,电流-H+N-S1-03.csv,158,247744
7,H+N,03,电流-H+N-S1-03.csv,159,249312
7,H+N,03,电流-H+N-S1-03.csv,160,250880
7,H+N,03,电流-H+N-S1-03.csv,161,252448
7,H+N,03,电流-H+N-S1-03.csv,162,254016
7,H+N,03,电流-H+N-S1-03.csv,163,255584
7,H+N,03,电流-H+N-S1-03.csv,164,257152
7,H+N,03,电流-H+N-S1-03.csv,165,258720
7,H+N,03,电流-H+N-S1-03.csv,166,260288
7,H+N,03,电流-H+N-S1-03.csv,167,261856
7,H+N,03,电流-H+N-S1-03.csv,168,263424
7,H+N,03,电流-H+N-S1-03.csv,169,264992
7,H+N,03,电流-H+N-S1-03.csv,170,266560
7,H+N,03,电流-H+N-S1-03.csv,171,268128
7,H+N,03,电流-H+N-S1-03.csv,172,269696
7,H+N,03,电流-H+N-S1-03.csv,173,271264
7,H+N,03,电流-H+N-S1-03.csv,174,272832
7,H+N,03,电流-H+N-S1-03.csv,175,274400
7,H+N,03,电流-H+N-S1-03.csv,176,275968
7,H+N,03,电流-H+N-S1-03.csv,177,277536
7,H+N,03,电流-H+N-S1-03.csv,178,279104
7,H+N,03,电流-H+N-S1-03.csv,179,280672
7,H+N,03,电流-H+N-S1-03.csv,180,282240
7,H+N,03,电流-H+N-S1-03.csv,181,283808
7,H+N,03,电流-H+N-S1-03.csv,182,285376
7,H+N,03,电流-H+N-S1-03.csv,183,286944
7,H+N,03,电流-H+N-S1-03.csv,184,288512
7,H+N,03,电流-H+N-S1-03.csv,185,290080
7,H+N,03,电流-H+N-S1-03.csv,186,291648
7,H+N,03,电流-H+N-S1-03.csv,187,293216
7,H+N,03,电流-H+N-S1-03.csv,188,294784
7,H+N,03,电流-H+N-S1-03.csv,189,296352
7,H+N,03,电流-H+N-S1-03.csv,190,297920
7,H+N,03,电流-H+N-S1-03.csv,191,299488
7,H+N,03,电流-H+N-S1-03.csv,192,301056
7,H+N,03,电流-H+N-S1-03.csv,193,302624
7,H+N,03,电流-H+N-S1-03.csv,194,304192
7,H+N,03,电流-H+N-S1-03.csv,195,305760
7,H+N,03,电流-H+N-S1-03.csv,196,307328
7,H+N,03,电流-H+N-S1-03.csv,197,308896
7,H+N,03,电流-H+N-S1-03.csv,198,310464
7,H+N,03,电流-H+N-S1-03.csv,199,312032
7,H+N,03,电流-H+N-S1-03.csv,200,313600
7,H+N,03,电流-H+N-S1-03.csv,201,315168
7,H+N,03,电流-H+N-S1-03.csv,202,316736
7,H+N,03,电流-H+N-S1-03.csv,203,318304
7,H+N,03,电流-H+N-S1-03.csv,204,319872
7,H+N,03,电流-H+N-S1-03.csv,205,321440
7,H+N,03,电流-H+N-S1-03.csv,206,323008
7,H+N,03,电流-H+N-S1-03.csv,207,324576
7,H+N,03,电流-H+N-S1-03.csv,208,326144
7,H+N,03,电流-H+N-S1-03.csv,209,327712
7,H+N,03,电流-H+N-S1-03.csv,210,329280
7,H+N,03,电流-H+N-S1-03.csv,211,330848
7,H+N,03,电流-H+N-S1-03.csv,212,332416
7,H+N,03,电流-H+N-S1-03.csv,213,333984
7,H+N,03,电流-H+N-S1-03.csv,214,335552
7,H+N,03,电流-H+N-S1-03.csv,215,337120
7,H+N,03,电流-H+N-S1-03.csv,216,338688
7,H+N,03,电流-H+N-S1-03.csv,217,340256
7,H+N,03,电流-H+N-S1-03.csv,218,341824
7,H+N,03,电流-H+N-S1-03.csv,219,343392
7,H+N,03,电流-H+N-S1-03.csv,220,344960
7,H+N,03,电流-H+N-S1-03.csv,221,346528
7,H+N,03,电流-H+N-S1-03.csv,222,348096
7,H+N,03,电流-H+N-S1-03.csv,223,349664
7,H+N,03,电流-H+N-S1-03.csv,224,351232
7,H+N,03,电流-H+N-S1-03.csv,225,352800
7,H+N,03,电流-H+N-S1-03.csv,226,354368
7,H+N,03,电流-H+N-S1-03.csv,227,355936
7,H+N,03,电流-H+N-S1-03.csv,228,357504
7,H+N,03,电流-H+N-S1-03.csv,229,359072
7,H+N,03,电流-H+N-S1-03.csv,230,360640
7,H+N,03,电流-H+N-S1-03.csv,231,362208
7,H+N,03,电流-H+N-S1-03.csv,232,363776
7,H+N,03,电流-H+N-S1-03.csv,233,365344
7,H+N,03,电流-H+N-S1-03.csv,234,366912
7,H+N,03,电流-H+N-S1-03.csv,235,368480
7,H+N,03,电流-H+N-S1-03.csv,236,370048
7,H+N,03,电流-H+N-S1-03.csv,237,371616
7,H+N,03,电流-H+N-S1-03.csv,238,373184
7,H+N,03,电流-H+N-S1-03.csv,239,374752
7,H+N,03,电流-H+N-S1-03.csv,240,376320
7,H+N,03,电流-H+N-S1-03.csv,241,377888
7,H+N,03,电流-H+N-S1-03.csv,242,379456
7,H+N,03,电流-H+N-S1-03.csv,243,381024
7,H+N,03,电流-H+N-S1-03.csv,244,382592
7,H+N,03,电流-H+N-S1-03.csv,245,384160
7,H+N,03,电流-H+N-S1-03.csv,246,385728
7,H+N,03,电流-H+N-S1-03.csv,247,387296
7,H+N,03,电流-H+N-S1-03.csv,248,388864
7,H+N,03,电流-H+N-S1-03.csv,249,390432
7,H+N,03,电流-H+N-S1-03.csv,250,392000
7,H+N,03,电流-H+N-S1-03.csv,251,393568
7,H+N,03,电流-H+N-S1-03.csv,252,395136
7,H+N,03,电流-H+N-S1-03.csv,253,396704
7,H+N,03,电流-H+N-S1-03.csv,254,398272
7,H+N,03,电流-H+N-S1-03.csv,255,399840
7,H+N,03,电流-H+N-S1-03.csv,256,401408
7,H+N,03,电流-H+N-S1-03.csv,257,402976
7,H+N,03,电流-H+N-S1-03.csv,258,404544
7,H+N,03,电流-H+N-S1-03.csv,259,406112
7,H+N,03,电流-H+N-S1-03.csv,260,407680
7,H+N,03,电流-H+N-S1-03.csv,261,409248
7,H+N,03,电流-H+N-S1-03.csv,262,410816
7,H+N,03,电流-H+N-S1-03.csv,263,412384
7,H+N,03,电流-H+N-S1-03.csv,264,413952
7,H+N,03,电流-H+N-S1-03.csv,265,415520
7,H+N,03,电流-H+N-S1-03.csv,266,417088
7,H+N,03,电流-H+N-S1-03.csv,267,418656
7,H+N,03,电流-H+N-S1-03.csv,268,420224
7,H+N,03,电流-H+N-S1-03.csv,269,421792
7,H+N,03,电流-H+N-S1-03.csv,270,423360
7,H+N,03,电流-H+N-S1-03.csv,271,424928
7,H+N,03,电流-H+N-S1-03.csv,272,426496
7,H+N,03,电流-H+N-S1-03.csv,273,428064
7,H+N,03,电流-H+N-S1-03.csv,274,429632
7,H+N,03,电流-H+N-S1-03.csv,275,431200
7,H+N,03,电流-H+N-S1-03.csv,276,432768
7,H+N,03,电流-H+N-S1-03.csv,277,434336
7,H+N,03,电流-H+N-S1-03.csv,278,435904
7,H+N,03,电流-H+N-S1-03.csv,279,437472
7,H+N,03,电流-H+N-S1-03.csv,280,439040
7,H+N,03,电流-H+N-S1-03.csv,281,440608
7,H+N,03,电流-H+N-S1-03.csv,282,442176
7,H+N,03,电流-H+N-S1-03.csv,283,443744
7,H+N,03,电流-H+N-S1-03.csv,284,445312
7,H+N,03,电流-H+N-S1-03.csv,285,446880
7,H+N,03,电流-H+N-S1-03.csv,286,448448
7,H+N,03,电流-H+N-S1-03.csv,287,450016
7,H+N,03,电流-H+N-S1-03.csv,288,451584
7,H+N,03,电流-H+N-S1-03.csv,289,453152
7,H+N,03,电流-H+N-S1-03.csv,290,454720
7,H+N,03,电流-H+N-S1-03.csv,291,456288
7,H+N,03,电流-H+N-S1-03.csv,292,457856
7,H+N,03,电流-H+N-S1-03.csv,293,459424
7,H+N,03,电流-H+N-S1-03.csv,294,460992
7,H+N,03,电流-H+N-S1-03.csv,295,462560
7,H+N,03,电流-H+N-S1-03.csv,296,464128
7,H+N,03,电流-H+N-S1-03.csv,297,465696
7,H+N,03,电流-H+N-S1-03.csv,298,467264
7,H+N,03,电流-H+N-S1-03.csv,299,468832
7,H+N,03,电流-H+N-S1-03.csv,300,470400
7,H+N,03,电流-H+N-S1-03.csv,301,471968
7,H+N,03,电流-H+N-S1-03.csv,302,473536
7,H+N,03,电流-H+N-S1-03.csv,303,475104
7,H+N,03,电流-H+N-S1-03.csv,304,476672
7,H+N,03,电流-H+N-S1-03.csv,305,478240
7,H+N,03,电流-H+N-S1-03.csv,306,479808
7,H+N,03,电流-H+N-S1-03.csv,307,481376
7,H+N,03,电流-H+N-S1-03.csv,308,482944
7,H+N,03,电流-H+N-S1-03.csv,309,484512
7,H+N,03,电流-H+N-S1-03.csv,310,486080
7,H+N,03,电流-H+N-S1-03.csv,311,487648
8,N,01,电流-N-S1-01.csv,0,0
8,N,01,电流-N-S1-01.csv,1,1568
8,N,01,电流-N-S1-01.csv,2,3136
8,N,01,电流-N-S1-01.csv,3,4704
8,N,01,电流-N-S1-01.csv,4,6272
8,N,01,电流-N-S1-01.csv,5,7840
8,N,01,电流-N-S1-01.csv,6,9408
8,N,01,电流-N-S1-01.csv,7,10976
8,N,01,电流-N-S1-01.csv,8,12544
8,N,01,电流-N-S1-01.csv,9,14112
8,N,01,电流-N-S1-01.csv,10,15680
8,N,01,电流-N-S1-01.csv,11,17248
8,N,01,电流-N-S1-01.csv,12,18816
8,N,01,电流-N-S1-01.csv,13,20384
8,N,01,电流-N-S1-01.csv,14,21952
8,N,01,电流-N-S1-01.csv,15,23520
8,N,01,电流-N-S1-01.csv,16,25088
8,N,01,电流-N-S1-01.csv,17,26656
8,N,01,电流-N-S1-01.csv,18,28224
8,N,01,电流-N-S1-01.csv,19,29792
8,N,01,电流-N-S1-01.csv,20,31360
8,N,01,电流-N-S1-01.csv,21,32928
8,N,01,电流-N-S1-01.csv,22,34496
8,N,01,电流-N-S1-01.csv,23,36064
8,N,01,电流-N-S1-01.csv,24,37632
8,N,01,电流-N-S1-01.csv,25,39200
8,N,01,电流-N-S1-01.csv,26,40768
8,N,01,电流-N-S1-01.csv,27,42336
8,N,01,电流-N-S1-01.csv,28,43904
8,N,01,电流-N-S1-01.csv,29,45472
8,N,01,电流-N-S1-01.csv,30,47040
8,N,01,电流-N-S1-01.csv,31,48608
8,N,01,电流-N-S1-01.csv,32,50176
8,N,01,电流-N-S1-01.csv,33,51744
8,N,01,电流-N-S1-01.csv,34,53312
8,N,01,电流-N-S1-01.csv,35,54880
8,N,01,电流-N-S1-01.csv,36,56448
8,N,01,电流-N-S1-01.csv,37,58016
8,N,01,电流-N-S1-01.csv,38,59584
8,N,01,电流-N-S1-01.csv,39,61152
8,N,01,电流-N-S1-01.csv,40,62720
8,N,01,电流-N-S1-01.csv,41,64288
8,N,01,电流-N-S1-01.csv,42,65856
8,N,01,电流-N-S1-01.csv,43,67424
8,N,01,电流-N-S1-01.csv,44,68992
8,N,01,电流-N-S1-01.csv,45,70560
8,N,01,电流-N-S1-01.csv,46,72128
8,N,01,电流-N-S1-01.csv,47,73696
8,N,01,电流-N-S1-01.csv,48,75264
8,N,01,电流-N-S1-01.csv,49,76832
8,N,01,电流-N-S1-01.csv,50,78400
8,N,01,电流-N-S1-01.csv,51,79968
8,N,01,电流-N-S1-01.csv,52,81536
8,N,01,电流-N-S1-01.csv,53,83104
8,N,01,电流-N-S1-01.csv,54,84672
8,N,01,电流-N-S1-01.csv,55,86240
8,N,01,电流-N-S1-01.csv,56,87808
8,N,01,电流-N-S1-01.csv,57,89376
8,N,01,电流-N-S1-01.csv,58,90944
8,N,01,电流-N-S1-01.csv,59,92512
8,N,01,电流-N-S1-01.csv,60,94080
8,N,01,电流-N-S1-01.csv,61,95648
8,N,01,电流-N-S1-01.csv,62,97216
8,N,01,电流-N-S1-01.csv,63,98784
8,N,01,电流-N-S1-01.csv,64,100352
8,N,01,电流-N-S1-01.csv,65,101920
8,N,01,电流-N-S1-01.csv,66,103488
8,N,01,电流-N-S1-01.csv,67,105056
8,N,01,电流-N-S1-01.csv,68,106624
8,N,01,电流-N-S1-01.csv,69,108192
8,N,01,电流-N-S1-01.csv,70,109760
8,N,01,电流-N-S1-01.csv,71,111328
8,N,01,电流-N-S1-01.csv,72,112896
8,N,01,电流-N-S1-01.csv,73,114464
8,N,01,电流-N-S1-01.csv,74,116032
8,N,01,电流-N-S1-01.csv,75,117600
8,N,01,电流-N-S1-01.csv,76,119168
8,N,01,电流-N-S1-01.csv,77,120736
8,N,01,电流-N-S1-01.csv,78,122304
8,N,01,电流-N-S1-01.csv,79,123872
8,N,01,电流-N-S1-01.csv,80,125440
8,N,01,电流-N-S1-01.csv,81,127008
8,N,01,电流-N-S1-01.csv,82,128576
8,N,01,电流-N-S1-01.csv,83,130144
8,N,01,电流-N-S1-01.csv,84,131712
8,N,01,电流-N-S1-01.csv,85,133280
8,N,01,电流-N-S1-01.csv,86,134848
8,N,01,电流-N-S1-01.csv,87,136416
8,N,01,电流-N-S1-01.csv,88,137984
8,N,01,电流-N-S1-01.csv,89,139552
8,N,01,电流-N-S1-01.csv,90,141120
8,N,01,电流-N-S1-01.csv,91,142688
8,N,01,电流-N-S1-01.csv,92,144256
8,N,01,电流-N-S1-01.csv,93,145824
8,N,01,电流-N-S1-01.csv,94,147392
8,N,01,电流-N-S1-01.csv,95,148960
8,N,01,电流-N-S1-01.csv,96,150528
8,N,01,电流-N-S1-01.csv,97,152096
8,N,01,电流-N-S1-01.csv,98,153664
8,N,01,电流-N-S1-01.csv,99,155232
8,N,01,电流-N-S1-01.csv,100,156800
8,N,01,电流-N-S1-01.csv,101,158368
8,N,01,电流-N-S1-01.csv,102,159936
8,N,01,电流-N-S1-01.csv,103,161504
8,N,01,电流-N-S1-01.csv,104,163072
8,N,01,电流-N-S1-01.csv,105,164640
8,N,01,电流-N-S1-01.csv,106,166208
8,N,01,电流-N-S1-01.csv,107,167776
8,N,01,电流-N-S1-01.csv,108,169344
8,N,01,电流-N-S1-01.csv,109,170912
8,N,01,电流-N-S1-01.csv,110,172480
8,N,01,电流-N-S1-01.csv,111,174048
8,N,01,电流-N-S1-01.csv,112,175616
8,N,01,电流-N-S1-01.csv,113,177184
8,N,01,电流-N-S1-01.csv,114,178752
8,N,01,电流-N-S1-01.csv,115,180320
8,N,01,电流-N-S1-01.csv,116,181888
8,N,01,电流-N-S1-01.csv,117,183456
8,N,01,电流-N-S1-01.csv,118,185024
8,N,01,电流-N-S1-01.csv,119,186592
8,N,01,电流-N-S1-01.csv,120,188160
8,N,01,电流-N-S1-01.csv,121,189728
8,N,01,电流-N-S1-01.csv,122,191296
8,N,01,电流-N-S1-01.csv,123,192864
8,N,01,电流-N-S1-01.csv,124,194432
8,N,01,电流-N-S1-01.csv,125,196000
8,N,01,电流-N-S1-01.csv,126,197568
8,N,01,电流-N-S1-01.csv,127,199136
8,N,01,电流-N-S1-01.csv,128,200704
8,N,01,电流-N-S1-01.csv,129,202272
8,N,01,电流-N-S1-01.csv,130,203840
8,N,01,电流-N-S1-01.csv,131,205408
8,N,01,电流-N-S1-01.csv,132,206976
8,N,01,电流-N-S1-01.csv,133,208544
8,N,01,电流-N-S1-01.csv,134,210112
8,N,01,电流-N-S1-01.csv,135,211680
8,N,01,电流-N-S1-01.csv,136,213248
8,N,01,电流-N-S1-01.csv,137,214816
8,N,01,电流-N-S1-01.csv,138,216384
8,N,01,电流-N-S1-01.csv,139,217952
8,N,01,电流-N-S1-01.csv,140,219520
8,N,01,电流-N-S1-01.csv,141,221088
8,N,01,电流-N-S1-01.csv,142,222656
8,N,01,电流-N-S1-01.csv,143,224224
8,N,01,电流-N-S1-01.csv,144,225792
8,N,01,电流-N-S1-01.csv,145,227360
8,N,01,电流-N-S1-01.csv,146,228928
8,N,01,电流-N-S1-01.csv,147,230496
8,N,01,电流-N-S1-01.csv,148,232064
8,N,01,电流-N-S1-01.csv,149,233632
8,N,01,电流-N-S1-01.csv,150,235200
8,N,01,电流-N-S1-01.csv,151,236768
8,N,01,电流-N-S1-01.csv,152,238336
8,N,01,电流-N-S1-01.csv,153,239904
8,N,01,电流-N-S1-01.csv,154,241472
8,N,01,电流-N-S1-01.csv,155,243040
8,N,01,电流-N-S1-01.csv,156,244608
8,N,01,电流-N-S1-01.csv,157,246176
8,N,01,电流-N-S1-01.csv,158,247744
8,N,01,电流-N-S1-01.csv,159,249312
8,N,01,电流-N-S1-01.csv,160,250880
8,N,01,电流-N-S1-01.csv,161,252448
8,N,01,电流-N-S1-01.csv,162,254016
8,N,01,电流-N-S1-01.csv,163,255584
8,N,01,电流-N-S1-01.csv,164,257152
8,N,01,电流-N-S1-01.csv,165,258720
8,N,01,电流-N-S1-01.csv,166,260288
8,N,01,电流-N-S1-01.csv,167,261856
8,N,01,电流-N-S1-01.csv,168,263424
8,N,01,电流-N-S1-01.csv,169,264992
8,N,01,电流-N-S1-01.csv,170,266560
8,N,01,电流-N-S1-01.csv,171,268128
8,N,01,电流-N-S1-01.csv,172,269696
8,N,01,电流-N-S1-01.csv,173,271264
8,N,01,电流-N-S1-01.csv,174,272832
8,N,01,电流-N-S1-01.csv,175,274400
8,N,01,电流-N-S1-01.csv,176,275968
8,N,01,电流-N-S1-01.csv,177,277536
8,N,01,电流-N-S1-01.csv,178,279104
8,N,01,电流-N-S1-01.csv,179,280672
8,N,01,电流-N-S1-01.csv,180,282240
8,N,01,电流-N-S1-01.csv,181,283808
8,N,01,电流-N-S1-01.csv,182,285376
8,N,01,电流-N-S1-01.csv,183,286944
8,N,01,电流-N-S1-01.csv,184,288512
8,N,01,电流-N-S1-01.csv,185,290080
8,N,01,电流-N-S1-01.csv,186,291648
8,N,01,电流-N-S1-01.csv,187,293216
8,N,01,电流-N-S1-01.csv,188,294784
8,N,01,电流-N-S1-01.csv,189,296352
8,N,01,电流-N-S1-01.csv,190,297920
8,N,01,电流-N-S1-01.csv,191,299488
8,N,01,电流-N-S1-01.csv,192,301056
8,N,01,电流-N-S1-01.csv,193,302624
8,N,01,电流-N-S1-01.csv,194,304192
8,N,01,电流-N-S1-01.csv,195,305760
8,N,01,电流-N-S1-01.csv,196,307328
8,N,01,电流-N-S1-01.csv,197,308896
8,N,01,电流-N-S1-01.csv,198,310464
8,N,01,电流-N-S1-01.csv,199,312032
8,N,01,电流-N-S1-01.csv,200,313600
8,N,01,电流-N-S1-01.csv,201,315168
8,N,01,电流-N-S1-01.csv,202,316736
8,N,01,电流-N-S1-01.csv,203,318304
8,N,01,电流-N-S1-01.csv,204,319872
8,N,01,电流-N-S1-01.csv,205,321440
8,N,01,电流-N-S1-01.csv,206,323008
8,N,01,电流-N-S1-01.csv,207,324576
8,N,01,电流-N-S1-01.csv,208,326144
8,N,01,电流-N-S1-01.csv,209,327712
8,N,01,电流-N-S1-01.csv,210,329280
8,N,01,电流-N-S1-01.csv,211,330848
8,N,01,电流-N-S1-01.csv,212,332416
8,N,01,电流-N-S1-01.csv,213,333984
8,N,01,电流-N-S1-01.csv,214,335552
8,N,01,电流-N-S1-01.csv,215,337120
8,N,01,电流-N-S1-01.csv,216,338688
8,N,01,电流-N-S1-01.csv,217,340256
8,N,01,电流-N-S1-01.csv,218,341824
8,N,01,电流-N-S1-01.csv,219,343392
8,N,01,电流-N-S1-01.csv,220,344960
8,N,01,电流-N-S1-01.csv,221,346528
8,N,01,电流-N-S1-01.csv,222,348096
8,N,01,电流-N-S1-01.csv,223,349664
8,N,01,电流-N-S1-01.csv,224,351232
8,N,01,电流-N-S1-01.csv,225,352800
8,N,01,电流-N-S1-01.csv,226,354368
8,N,01,电流-N-S1-01.csv,227,355936
8,N,01,电流-N-S1-01.csv,228,357504
8,N,01,电流-N-S1-01.csv,229,359072
8,N,01,电流-N-S1-01.csv,230,360640
8,N,01,电流-N-S1-01.csv,231,362208
8,N,01,电流-N-S1-01.csv,232,363776
8,N,01,电流-N-S1-01.csv,233,365344
8,N,01,电流-N-S1-01.csv,234,366912
8,N,01,电流-N-S1-01.csv,235,368480
8,N,01,电流-N-S1-01.csv,236,370048
8,N,01,电流-N-S1-01.csv,237,371616
8,N,01,电流-N-S1-01.csv,238,373184
8,N,01,电流-N-S1-01.csv,239,374752
8,N,01,电流-N-S1-01.csv,240,376320
8,N,01,电流-N-S1-01.csv,241,377888
8,N,01,电流-N-S1-01.csv,242,379456
8,N,01,电流-N-S1-01.csv,243,381024
8,N,01,电流-N-S1-01.csv,244,382592
8,N,01,电流-N-S1-01.csv,245,384160
8,N,01,电流-N-S1-01.csv,246,385728
8,N,01,电流-N-S1-01.csv,247,387296
8,N,01,电流-N-S1-01.csv,248,388864
8,N,01,电流-N-S1-01.csv,249,390432
8,N,01,电流-N-S1-01.csv,250,392000
8,N,01,电流-N-S1-01.csv,251,393568
8,N,01,电流-N-S1-01.csv,252,395136
8,N,01,电流-N-S1-01.csv,253,396704
8,N,01,电流-N-S1-01.csv,254,398272
8,N,01,电流-N-S1-01.csv,255,399840
8,N,01,电流-N-S1-01.csv,256,401408
8,N,01,电流-N-S1-01.csv,257,402976
8,N,01,电流-N-S1-01.csv,258,404544
8,N,01,电流-N-S1-01.csv,259,406112
8,N,01,电流-N-S1-01.csv,260,407680
8,N,01,电流-N-S1-01.csv,261,409248
8,N,01,电流-N-S1-01.csv,262,410816
8,N,01,电流-N-S1-01.csv,263,412384
8,N,01,电流-N-S1-01.csv,264,413952
8,N,01,电流-N-S1-01.csv,265,415520
8,N,01,电流-N-S1-01.csv,266,417088
8,N,01,电流-N-S1-01.csv,267,418656
8,N,01,电流-N-S1-01.csv,268,420224
8,N,01,电流-N-S1-01.csv,269,421792
8,N,01,电流-N-S1-01.csv,270,423360
8,N,01,电流-N-S1-01.csv,271,424928
8,N,01,电流-N-S1-01.csv,272,426496
8,N,01,电流-N-S1-01.csv,273,428064
8,N,01,电流-N-S1-01.csv,274,429632
8,N,01,电流-N-S1-01.csv,275,431200
8,N,01,电流-N-S1-01.csv,276,432768
8,N,01,电流-N-S1-01.csv,277,434336
8,N,01,电流-N-S1-01.csv,278,435904
8,N,01,电流-N-S1-01.csv,279,437472
8,N,01,电流-N-S1-01.csv,280,439040
8,N,01,电流-N-S1-01.csv,281,440608
8,N,01,电流-N-S1-01.csv,282,442176
8,N,01,电流-N-S1-01.csv,283,443744
8,N,01,电流-N-S1-01.csv,284,445312
8,N,01,电流-N-S1-01.csv,285,446880
8,N,01,电流-N-S1-01.csv,286,448448
8,N,01,电流-N-S1-01.csv,287,450016
8,N,01,电流-N-S1-01.csv,288,451584
8,N,01,电流-N-S1-01.csv,289,453152
8,N,01,电流-N-S1-01.csv,290,454720
8,N,01,电流-N-S1-01.csv,291,456288
8,N,01,电流-N-S1-01.csv,292,457856
8,N,01,电流-N-S1-01.csv,293,459424
8,N,01,电流-N-S1-01.csv,294,460992
8,N,01,电流-N-S1-01.csv,295,462560
8,N,01,电流-N-S1-01.csv,296,464128
8,N,01,电流-N-S1-01.csv,297,465696
8,N,01,电流-N-S1-01.csv,298,467264
8,N,01,电流-N-S1-01.csv,299,468832
8,N,01,电流-N-S1-01.csv,300,470400
8,N,01,电流-N-S1-01.csv,301,471968
8,N,01,电流-N-S1-01.csv,302,473536
8,N,01,电流-N-S1-01.csv,303,475104
8,N,01,电流-N-S1-01.csv,304,476672
8,N,01,电流-N-S1-01.csv,305,478240
8,N,01,电流-N-S1-01.csv,306,479808
8,N,01,电流-N-S1-01.csv,307,481376
8,N,01,电流-N-S1-01.csv,308,482944
8,N,01,电流-N-S1-01.csv,309,484512
8,N,01,电流-N-S1-01.csv,310,486080
8,N,01,电流-N-S1-01.csv,311,487648
8,N,03,电流-N-S1-03.csv,0,0
8,N,03,电流-N-S1-03.csv,1,1568
8,N,03,电流-N-S1-03.csv,2,3136
8,N,03,电流-N-S1-03.csv,3,4704
8,N,03,电流-N-S1-03.csv,4,6272
8,N,03,电流-N-S1-03.csv,5,7840
8,N,03,电流-N-S1-03.csv,6,9408
8,N,03,电流-N-S1-03.csv,7,10976
8,N,03,电流-N-S1-03.csv,8,12544
8,N,03,电流-N-S1-03.csv,9,14112
8,N,03,电流-N-S1-03.csv,10,15680
8,N,03,电流-N-S1-03.csv,11,17248
8,N,03,电流-N-S1-03.csv,12,18816
8,N,03,电流-N-S1-03.csv,13,20384
8,N,03,电流-N-S1-03.csv,14,21952
8,N,03,电流-N-S1-03.csv,15,23520
8,N,03,电流-N-S1-03.csv,16,25088
8,N,03,电流-N-S1-03.csv,17,26656
8,N,03,电流-N-S1-03.csv,18,28224
8,N,03,电流-N-S1-03.csv,19,29792
8,N,03,电流-N-S1-03.csv,20,31360
8,N,03,电流-N-S1-03.csv,21,32928
8,N,03,电流-N-S1-03.csv,22,34496
8,N,03,电流-N-S1-03.csv,23,36064
8,N,03,电流-N-S1-03.csv,24,37632
8,N,03,电流-N-S1-03.csv,25,39200
8,N,03,电流-N-S1-03.csv,26,40768
8,N,03,电流-N-S1-03.csv,27,42336
8,N,03,电流-N-S1-03.csv,28,43904
8,N,03,电流-N-S1-03.csv,29,45472
8,N,03,电流-N-S1-03.csv,30,47040
8,N,03,电流-N-S1-03.csv,31,48608
8,N,03,电流-N-S1-03.csv,32,50176
8,N,03,电流-N-S1-03.csv,33,51744
8,N,03,电流-N-S1-03.csv,34,53312
8,N,03,电流-N-S1-03.csv,35,54880
8,N,03,电流-N-S1-03.csv,36,56448
8,N,03,电流-N-S1-03.csv,37,58016
8,N,03,电流-N-S1-03.csv,38,59584
8,N,03,电流-N-S1-03.csv,39,61152
8,N,03,电流-N-S1-03.csv,40,62720
8,N,03,电流-N-S1-03.csv,41,64288
8,N,03,电流-N-S1-03.csv,42,65856
8,N,03,电流-N-S1-03.csv,43,67424
8,N,03,电流-N-S1-03.csv,44,68992
8,N,03,电流-N-S1-03.csv,45,70560
8,N,03,电流-N-S1-03.csv,46,72128
8,N,03,电流-N-S1-03.csv,47,73696
8,N,03,电流-N-S1-03.csv,48,75264
8,N,03,电流-N-S1-03.csv,49,76832
8,N,03,电流-N-S1-03.csv,50,78400
8,N,03,电流-N-S1-03.csv,51,79968
8,N,03,电流-N-S1-03.csv,52,81536
8,N,03,电流-N-S1-03.csv,53,83104
8,N,03,电流-N-S1-03.csv,54,84672
8,N,03,电流-N-S1-03.csv,55,86240
8,N,03,电流-N-S1-03.csv,56,87808
8,N,03,电流-N-S1-03.csv,57,89376
8,N,03,电流-N-S1-03.csv,58,90944
8,N,03,电流-N-S1-03.csv,59,92512
8,N,03,电流-N-S1-03.csv,60,94080
8,N,03,电流-N-S1-03.csv,61,95648
8,N,03,电流-N-S1-03.csv,62,97216
8,N,03,电流-N-S1-03.csv,63,98784
8,N,03,电流-N-S1-03.csv,64,100352
8,N,03,电流-N-S1-03.csv,65,101920
8,N,03,电流-N-S1-03.csv,66,103488
8,N,03,电流-N-S1-03.csv,67,105056
8,N,03,电流-N-S1-03.csv,68,106624
8,N,03,电流-N-S1-03.csv,69,108192
8,N,03,电流-N-S1-03.csv,70,109760
8,N,03,电流-N-S1-03.csv,71,111328
8,N,03,电流-N-S1-03.csv,72,112896
8,N,03,电流-N-S1-03.csv,73,114464
8,N,03,电流-N-S1-03.csv,74,116032
8,N,03,电流-N-S1-03.csv,75,117600
8,N,03,电流-N-S1-03.csv,76,119168
8,N,03,电流-N-S1-03.csv,77,120736
8,N,03,电流-N-S1-03.csv,78,122304
8,N,03,电流-N-S1-03.csv,79,123872
8,N,03,电流-N-S1-03.csv,80,125440
8,N,03,电流-N-S1-03.csv,81,127008
8,N,03,电流-N-S1-03.csv,82,128576
8,N,03,电流-N-S1-03.csv,83,130144
8,N,03,电流-N-S1-03.csv,84,131712
8,N,03,电流-N-S1-03.csv,85,133280
8,N,03,电流-N-S1-03.csv,86,134848
8,N,03,电流-N-S1-03.csv,87,136416
8,N,03,电流-N-S1-03.csv,88,137984
8,N,03,电流-N-S1-03.csv,89,139552
8,N,03,电流-N-S1-03.csv,90,141120
8,N,03,电流-N-S1-03.csv,91,142688
8,N,03,电流-N-S1-03.csv,92,144256
8,N,03,电流-N-S1-03.csv,93,145824
8,N,03,电流-N-S1-03.csv,94,147392
8,N,03,电流-N-S1-03.csv,95,148960
8,N,03,电流-N-S1-03.csv,96,150528
8,N,03,电流-N-S1-03.csv,97,152096
8,N,03,电流-N-S1-03.csv,98,153664
8,N,03,电流-N-S1-03.csv,99,155232
8,N,03,电流-N-S1-03.csv,100,156800
8,N,03,电流-N-S1-03.csv,101,158368
8,N,03,电流-N-S1-03.csv,102,159936
8,N,03,电流-N-S1-03.csv,103,161504
8,N,03,电流-N-S1-03.csv,104,163072
8,N,03,电流-N-S1-03.csv,105,164640
8,N,03,电流-N-S1-03.csv,106,166208
8,N,03,电流-N-S1-03.csv,107,167776
8,N,03,电流-N-S1-03.csv,108,169344
8,N,03,电流-N-S1-03.csv,109,170912
8,N,03,电流-N-S1-03.csv,110,172480
8,N,03,电流-N-S1-03.csv,111,174048
8,N,03,电流-N-S1-03.csv,112,175616
8,N,03,电流-N-S1-03.csv,113,177184
8,N,03,电流-N-S1-03.csv,114,178752
8,N,03,电流-N-S1-03.csv,115,180320
8,N,03,电流-N-S1-03.csv,116,181888
8,N,03,电流-N-S1-03.csv,117,183456
8,N,03,电流-N-S1-03.csv,118,185024
8,N,03,电流-N-S1-03.csv,119,186592
8,N,03,电流-N-S1-03.csv,120,188160
8,N,03,电流-N-S1-03.csv,121,189728
8,N,03,电流-N-S1-03.csv,122,191296
8,N,03,电流-N-S1-03.csv,123,192864
8,N,03,电流-N-S1-03.csv,124,194432
8,N,03,电流-N-S1-03.csv,125,196000
8,N,03,电流-N-S1-03.csv,126,197568
8,N,03,电流-N-S1-03.csv,127,199136
8,N,03,电流-N-S1-03.csv,128,200704
8,N,03,电流-N-S1-03.csv,129,202272
8,N,03,电流-N-S1-03.csv,130,203840
8,N,03,电流-N-S1-03.csv,131,205408
8,N,03,电流-N-S1-03.csv,132,206976
8,N,03,电流-N-S1-03.csv,133,208544
8,N,03,电流-N-S1-03.csv,134,210112
8,N,03,电流-N-S1-03.csv,135,211680
8,N,03,电流-N-S1-03.csv,136,213248
8,N,03,电流-N-S1-03.csv,137,214816
8,N,03,电流-N-S1-03.csv,138,216384
8,N,03,电流-N-S1-03.csv,139,217952
8,N,03,电流-N-S1-03.csv,140,219520
8,N,03,电流-N-S1-03.csv,141,221088
8,N,03,电流-N-S1-03.csv,142,222656
8,N,03,电流-N-S1-03.csv,143,224224
8,N,03,电流-N-S1-03.csv,144,225792
8,N,03,电流-N-S1-03.csv,145,227360
8,N,03,电流-N-S1-03.csv,146,228928
8,N,03,电流-N-S1-03.csv,147,230496
8,N,03,电流-N-S1-03.csv,148,232064
8,N,03,电流-N-S1-03.csv,149,233632
8,N,03,电流-N-S1-03.csv,150,235200
8,N,03,电流-N-S1-03.csv,151,236768
8,N,03,电流-N-S1-03.csv,152,238336
8,N,03,电流-N-S1-03.csv,153,239904
8,N,03,电流-N-S1-03.csv,154,241472
8,N,03,电流-N-S1-03.csv,155,243040
8,N,03,电流-N-S1-03.csv,156,244608
8,N,03,电流-N-S1-03.csv,157,246176
8,N,03,电流-N-S1-03.csv,158,247744
8,N,03,电流-N-S1-03.csv,159,249312
8,N,03,电流-N-S1-03.csv,160,250880
8,N,03,电流-N-S1-03.csv,161,252448
8,N,03,电流-N-S1-03.csv,162,254016
8,N,03,电流-N-S1-03.csv,163,255584
8,N,03,电流-N-S1-03.csv,164,257152
8,N,03,电流-N-S1-03.csv,165,258720
8,N,03,电流-N-S1-03.csv,166,260288
8,N,03,电流-N-S1-03.csv,167,261856
8,N,03,电流-N-S1-03.csv,168,263424
8,N,03,电流-N-S1-03.csv,169,264992
8,N,03,电流-N-S1-03.csv,170,266560
8,N,03,电流-N-S1-03.csv,171,268128
8,N,03,电流-N-S1-03.csv,172,269696
8,N,03,电流-N-S1-03.csv,173,271264
8,N,03,电流-N-S1-03.csv,174,272832
8,N,03,电流-N-S1-03.csv,175,274400
8,N,03,电流-N-S1-03.csv,176,275968
8,N,03,电流-N-S1-03.csv,177,277536
8,N,03,电流-N-S1-03.csv,178,279104
8,N,03,电流-N-S1-03.csv,179,280672
8,N,03,电流-N-S1-03.csv,180,282240
8,N,03,电流-N-S1-03.csv,181,283808
8,N,03,电流-N-S1-03.csv,182,285376
8,N,03,电流-N-S1-03.csv,183,286944
8,N,03,电流-N-S1-03.csv,184,288512
8,N,03,电流-N-S1-03.csv,185,290080
8,N,03,电流-N-S1-03.csv,186,291648
8,N,03,电流-N-S1-03.csv,187,293216
8,N,03,电流-N-S1-03.csv,188,294784
8,N,03,电流-N-S1-03.csv,189,296352
8,N,03,电流-N-S1-03.csv,190,297920
8,N,03,电流-N-S1-03.csv,191,299488
8,N,03,电流-N-S1-03.csv,192,301056
8,N,03,电流-N-S1-03.csv,193,302624
8,N,03,电流-N-S1-03.csv,194,304192
8,N,03,电流-N-S1-03.csv,195,305760
8,N,03,电流-N-S1-03.csv,196,307328
8,N,03,电流-N-S1-03.csv,197,308896
8,N,03,电流-N-S1-03.csv,198,310464
8,N,03,电流-N-S1-03.csv,199,312032
8,N,03,电流-N-S1-03.csv,200,313600
8,N,03,电流-N-S1-03.csv,201,315168
8,N,03,电流-N-S1-03.csv,202,316736
8,N,03,电流-N-S1-03.csv,203,318304
8,N,03,电流-N-S1-03.csv,204,319872
8,N,03,电流-N-S1-03.csv,205,321440
8,N,03,电流-N-S1-03.csv,206,323008
8,N,03,电流-N-S1-03.csv,207,324576
8,N,03,电流-N-S1-03.csv,208,326144
8,N,03,电流-N-S1-03.csv,209,327712
8,N,03,电流-N-S1-03.csv,210,329280
8,N,03,电流-N-S1-03.csv,211,330848
8,N,03,电流-N-S1-03.csv,212,332416
8,N,03,电流-N-S1-03.csv,213,333984
8,N,03,电流-N-S1-03.csv,214,335552
8,N,03,电流-N-S1-03.csv,215,337120
8,N,03,电流-N-S1-03.csv,216,338688
8,N,03,电流-N-S1-03.csv,217,340256
8,N,03,电流-N-S1-03.csv,218,341824
8,N,03,电流-N-S1-03.csv,219,343392
8,N,03,电流-N-S1-03.csv,220,344960
8,N,03,电流-N-S1-03.csv,221,346528
8,N,03,电流-N-S1-03.csv,222,348096
8,N,03,电流-N-S1-03.csv,223,349664
8,N,03,电流-N-S1-03.csv,224,351232
8,N,03,电流-N-S1-03.csv,225,352800
8,N,03,电流-N-S1-03.csv,226,354368
8,N,03,电流-N-S1-03.csv,227,355936
8,N,03,电流-N-S1-03.csv,228,357504
8,N,03,电流-N-S1-03.csv,229,359072
8,N,03,电流-N-S1-03.csv,230,360640
8,N,03,电流-N-S1-03.csv,231,362208
8,N,03,电流-N-S1-03.csv,232,363776
8,N,03,电流-N-S1-03.csv,233,365344
8,N,03,电流-N-S1-03.csv,234,366912
8,N,03,电流-N-S1-03.csv,235,368480
8,N,03,电流-N-S1-03.csv,236,370048
8,N,03,电流-N-S1-03.csv,237,371616
8,N,03,电流-N-S1-03.csv,238,373184
8,N,03,电流-N-S1-03.csv,239,374752
8,N,03,电流-N-S1-03.csv,240,376320
8,N,03,电流-N-S1-03.csv,241,377888
8,N,03,电流-N-S1-03.csv,242,379456
8,N,03,电流-N-S1-03.csv,243,381024
8,N,03,电流-N-S1-03.csv,244,382592
8,N,03,电流-N-S1-03.csv,245,384160
8,N,03,电流-N-S1-03.csv,246,385728
8,N,03,电流-N-S1-03.csv,247,387296
8,N,03,电流-N-S1-03.csv,248,388864
8,N,03,电流-N-S1-03.csv,249,390432
8,N,03,电流-N-S1-03.csv,250,392000
8,N,03,电流-N-S1-03.csv,251,393568
8,N,03,电流-N-S1-03.csv,252,395136
8,N,03,电流-N-S1-03.csv,253,396704
8,N,03,电流-N-S1-03.csv,254,398272
8,N,03,电流-N-S1-03.csv,255,399840
8,N,03,电流-N-S1-03.csv,256,401408
8,N,03,电流-N-S1-03.csv,257,402976
8,N,03,电流-N-S1-03.csv,258,404544
8,N,03,电流-N-S1-03.csv,259,406112
8,N,03,电流-N-S1-03.csv,260,407680
8,N,03,电流-N-S1-03.csv,261,409248
8,N,03,电流-N-S1-03.csv,262,410816
8,N,03,电流-N-S1-03.csv,263,412384
8,N,03,电流-N-S1-03.csv,264,413952
8,N,03,电流-N-S1-03.csv,265,415520
8,N,03,电流-N-S1-03.csv,266,417088
8,N,03,电流-N-S1-03.csv,267,418656
8,N,03,电流-N-S1-03.csv,268,420224
8,N,03,电流-N-S1-03.csv,269,421792
8,N,03,电流-N-S1-03.csv,270,423360
8,N,03,电流-N-S1-03.csv,271,424928
8,N,03,电流-N-S1-03.csv,272,426496
8,N,03,电流-N-S1-03.csv,273,428064
8,N,03,电流-N-S1-03.csv,274,429632
8,N,03,电流-N-S1-03.csv,275,431200
8,N,03,电流-N-S1-03.csv,276,432768
8,N,03,电流-N-S1-03.csv,277,434336
8,N,03,电流-N-S1-03.csv,278,435904
8,N,03,电流-N-S1-03.csv,279,437472
8,N,03,电流-N-S1-03.csv,280,439040
8,N,03,电流-N-S1-03.csv,281,440608
8,N,03,电流-N-S1-03.csv,282,442176
8,N,03,电流-N-S1-03.csv,283,443744
8,N,03,电流-N-S1-03.csv,284,445312
8,N,03,电流-N-S1-03.csv,285,446880
8,N,03,电流-N-S1-03.csv,286,448448
8,N,03,电流-N-S1-03.csv,287,450016
8,N,03,电流-N-S1-03.csv,288,451584
8,N,03,电流-N-S1-03.csv,289,453152
8,N,03,电流-N-S1-03.csv,290,454720
8,N,03,电流-N-S1-03.csv,291,456288
8,N,03,电流-N-S1-03.csv,292,457856
8,N,03,电流-N-S1-03.csv,293,459424
8,N,03,电流-N-S1-03.csv,294,460992
8,N,03,电流-N-S1-03.csv,295,462560
8,N,03,电流-N-S1-03.csv,296,464128
8,N,03,电流-N-S1-03.csv,297,465696
8,N,03,电流-N-S1-03.csv,298,467264
8,N,03,电流-N-S1-03.csv,299,468832
8,N,03,电流-N-S1-03.csv,300,470400
8,N,03,电流-N-S1-03.csv,301,471968
8,N,03,电流-N-S1-03.csv,302,473536
8,N,03,电流-N-S1-03.csv,303,475104
8,N,03,电流-N-S1-03.csv,304,476672
8,N,03,电流-N-S1-03.csv,305,478240
8,N,03,电流-N-S1-03.csv,306,479808
8,N,03,电流-N-S1-03.csv,307,481376
8,N,03,电流-N-S1-03.csv,308,482944
8,N,03,电流-N-S1-03.csv,309,484512
8,N,03,电流-N-S1-03.csv,310,486080
8,N,03,电流-N-S1-03.csv,311,487648
